site.code,subplot,TreeX,TreeY,PWdistance
02-DCLU,4,91,90,5.780138407
02-DCLU,4,92,90,2.570992026
02-DCLU,4,93,90,5.508175742
02-DCLU,4,94,90,7.858753082
02-DCLU,4,95,90,9.972462083
02-DCLU,4,96,90,5.7218878
02-DCLU,4,97,90,5.371219601
02-DCLU,4,98,90,6.89637586
02-DCLU,4,99,90,8.104936767
02-DCLU,4,100,90,9.504735662
02-DCLU,4,101,90,11.12879149
02-DCLU,4,102,90,14.59109317
02-DCLU,4,103,90,16.27421273
02-DCLU,4,104,90,17.83059169
02-DCLU,4,105,90,10.68877916
02-DCLU,4,106,90,10.88117641
02-DCLU,4,107,90,12.64357544
02-DCLU,4,108,90,14.11736519
02-DCLU,4,109,90,16.01124605
02-DCLU,4,110,90,17.68191166
02-DCLU,4,111,90,11.42015762
02-DCLU,4,112,90,14.56708619
02-DCLU,4,113,90,15.93267084
02-DCLU,4,114,90,15.98812059
02-DCLU,4,115,90,14.00892573
02-DCLU,4,116,90,14.73397435
02-DCLU,4,117,90,15.92482339
02-DCLU,4,118,90,17.39252713
02-DCLU,4,119,90,17.26093856
02-DCLU,4,120,90,18.02470527
02-DCLU,4,121,90,22.81775624
02-DCLU,4,92,91,7.211102551
02-DCLU,4,93,91,3.324154028
02-DCLU,4,94,91,3.354101966
02-DCLU,4,95,91,4.701063709
02-DCLU,4,96,91,10.07223908
02-DCLU,4,97,91,8.736131867
02-DCLU,4,98,91,5.852349955
02-DCLU,4,99,91,5.882176468
02-DCLU,4,100,91,6.200806399
02-DCLU,4,101,91,7.038465742
02-DCLU,4,102,91,9.718538985
02-DCLU,4,103,91,11.20714058
02-DCLU,4,104,91,12.65701387
02-DCLU,4,105,91,15.47772593
02-DCLU,4,106,91,8.86171541
02-DCLU,4,107,91,9.569221494
02-DCLU,4,108,91,10.38701112
02-DCLU,4,109,91,11.76307783
02-DCLU,4,110,91,13.12402377
02-DCLU,4,111,91,11.33181362
02-DCLU,4,112,91,18.06017719
02-DCLU,4,113,91,18.34611676
02-DCLU,4,114,91,17.71016657
02-DCLU,4,115,91,13.81955137
02-DCLU,4,116,91,13.78767566
02-DCLU,4,117,91,14.21724305
02-DCLU,4,118,91,14.92012064
02-DCLU,4,119,91,16.69760462
02-DCLU,4,120,91,16.73618834
02-DCLU,4,121,91,22.18152384
02-DCLU,4,93,92,5.643580424
02-DCLU,4,94,92,8.321658489
02-DCLU,4,95,92,10.62544117
02-DCLU,4,96,92,3.201562119
02-DCLU,4,97,92,2.88444102
02-DCLU,4,98,92,6.020797289
02-DCLU,4,99,92,7.496665926
02-DCLU,4,100,92,9.167878708
02-DCLU,4,101,92,11.0063618
02-DCLU,4,102,92,14.72582765
02-DCLU,4,103,92,16.4924225
02-DCLU,4,104,92,18.09419797
02-DCLU,4,105,92,8.411896338
02-DCLU,4,106,92,9.824968193
02-DCLU,4,107,92,11.91511645
02-DCLU,4,108,92,13.61947136
02-DCLU,4,109,92,15.70891467
02-DCLU,4,110,92,17.51113931
02-DCLU,4,111,92,9.5713113
02-DCLU,4,112,92,12.00708124
02-DCLU,4,113,92,13.3932819
02-DCLU,4,114,92,13.53698637
02-DCLU,4,115,92,12.07393888
02-DCLU,4,116,92,13.02689526
02-DCLU,4,117,92,14.45441109
02-DCLU,4,118,92,16.18054387
02-DCLU,4,119,92,15.34959283
02-DCLU,4,120,92,16.3370744
02-DCLU,4,121,92,20.83314667
02-DCLU,4,94,93,2.701851217
02-DCLU,4,95,93,5.032891813
02-DCLU,4,96,93,7.810249676
02-DCLU,4,97,93,6.158733636
02-DCLU,4,98,93,2.549509757
02-DCLU,4,99,93,2.968164416
02-DCLU,4,100,93,4.044749683
02-DCLU,4,101,93,5.622277119
02-DCLU,4,102,93,9.176055798
02-DCLU,4,103,93,10.91100362
02-DCLU,4,104,93,12.5
02-DCLU,4,105,93,13.1487642
02-DCLU,4,106,93,6.021627687
02-DCLU,4,107,93,7.337574531
02-DCLU,4,108,93,8.657944329
02-DCLU,4,109,93,10.50428484
02-DCLU,4,110,93,12.18072247
02-DCLU,4,111,93,8.049844719
02-DCLU,4,112,93,15.06585544
02-DCLU,4,113,93,15.10529708
02-DCLU,4,114,93,14.40138882
02-DCLU,4,115,93,10.58158778
02-DCLU,4,116,93,10.70560601
02-DCLU,4,117,93,11.38507795
02-DCLU,4,118,93,12.43543325
02-DCLU,4,119,93,13.56023599
02-DCLU,4,120,93,13.79311422
02-DCLU,4,121,93,19.1031411
02-DCLU,4,95,94,2.334523506
02-DCLU,4,96,94,10.47377678
02-DCLU,4,97,94,8.76184912
02-DCLU,4,98,94,4.123105626
02-DCLU,4,99,94,3.324154028
02-DCLU,4,100,94,2.983286778
02-DCLU,4,101,94,3.7
02-DCLU,4,102,94,6.760177512
02-DCLU,4,103,94,8.417244205
02-DCLU,4,104,94,9.972462083
02-DCLU,4,105,94,15.76102789
02-DCLU,4,106,94,5.905929224
02-DCLU,4,107,94,6.262587325
02-DCLU,4,108,94,7.038465742
02-DCLU,4,109,94,8.515867542
02-DCLU,4,110,94,10.00449899
02-DCLU,4,111,94,9.025519376
02-DCLU,4,112,94,17.26615186
02-DCLU,4,113,94,16.88579284
02-DCLU,4,114,94,15.90282994
02-DCLU,4,115,94,11.29291813
02-DCLU,4,116,94,10.95673309
02-DCLU,4,117,94,11.12115102
02-DCLU,4,118,94,11.63872845
02-DCLU,4,119,94,13.9089899
02-DCLU,4,120,94,13.70583817
02-DCLU,4,121,94,19.26058151
02-DCLU,4,96,95,12.80351514
02-DCLU,4,97,95,11.07519752
02-DCLU,4,98,95,6.216912417
02-DCLU,4,99,95,5.069516742
02-DCLU,4,100,95,3.905124838
02-DCLU,4,101,95,3.328663395
02-DCLU,4,102,95,5.048762225
02-DCLU,4,103,95,6.506919394
02-DCLU,4,104,95,7.976214641
02-DCLU,4,105,95,18.069311
02-DCLU,4,106,95,6.88839604
02-DCLU,4,107,95,6.363175308
02-DCLU,4,108,95,6.444377394
02-DCLU,4,109,95,7.340980861
02-DCLU,4,110,95,8.514693183
02-DCLU,4,111,95,10.50190459
02-DCLU,4,112,95,19.349677
02-DCLU,4,113,95,18.71149379
02-DCLU,4,114,95,17.55591069
02-DCLU,4,115,95,12.50279969
02-DCLU,4,116,95,11.84060809
02-DCLU,4,117,95,11.58317746
02-DCLU,4,118,95,11.60387866
02-DCLU,4,119,95,14.77057886
02-DCLU,4,120,95,14.22251736
02-DCLU,4,121,95,19.86353443
02-DCLU,4,97,96,1.878829423
02-DCLU,4,98,96,7.134423593
02-DCLU,4,99,96,8.695401083
02-DCLU,4,100,96,10.49571341
02-DCLU,4,101,96,12.43422696
02-DCLU,4,102,96,16.2603813
02-DCLU,4,103,96,18.06239187
02-DCLU,4,104,96,19.67358635
02-DCLU,4,105,96,5.412023651
02-DCLU,4,106,96,10.21077862
02-DCLU,4,107,96,12.58729518
02-DCLU,4,108,96,14.48999655
02-DCLU,4,109,96,16.73140759
02-DCLU,4,110,96,18.63249849
02-DCLU,4,111,96,8.683317338
02-DCLU,4,112,96,8.864536085
02-DCLU,4,113,96,10.58158778
02-DCLU,4,114,96,11.04536102
02-DCLU,4,115,96,10.85218872
02-DCLU,4,116,96,12.1823643
02-DCLU,4,117,96,13.94345725
02-DCLU,4,118,96,16.00124995
02-DCLU,4,119,96,14.04563989
02-DCLU,4,120,96,15.4029218
02-DCLU,4,121,96,19.27511349
02-DCLU,4,98,97,5.269724851
02-DCLU,4,99,97,6.826419266
02-DCLU,4,100,97,8.628441342
02-DCLU,4,101,97,10.56882207
02-DCLU,4,102,97,14.39618005
02-DCLU,4,103,97,16.19876539
02-DCLU,4,104,97,17.8089865
02-DCLU,4,105,97,7
02-DCLU,4,106,97,8.374365648
02-DCLU,4,107,97,10.72800075
02-DCLU,4,108,97,12.61942946
02-DCLU,4,109,97,14.85563866
02-DCLU,4,110,97,16.75470083
02-DCLU,4,111,97,7.184010022
02-DCLU,4,112,97,9.5
02-DCLU,4,113,97,10.56882207
02-DCLU,4,114,97,10.65316854
02-DCLU,4,115,97,9.534149149
02-DCLU,4,116,97,10.70046728
02-DCLU,4,117,97,12.34706443
02-DCLU,4,118,97,14.31258188
02-DCLU,4,119,97,12.79101247
02-DCLU,4,120,97,13.9778396
02-DCLU,4,121,97,18.17965896
02-DCLU,4,99,98,1.565247584
02-DCLU,4,100,98,3.361547263
02-DCLU,4,101,98,5.3
02-DCLU,4,102,98,9.126883367
02-DCLU,4,103,98,10.92931837
02-DCLU,4,104,98,12.5399362
02-DCLU,4,105,98,12.09173271
02-DCLU,4,106,98,3.984971769
02-DCLU,4,107,98,5.900847397
02-DCLU,4,108,98,7.611832894
02-DCLU,4,109,98,9.752948272
02-DCLU,4,110,98,11.6056021
02-DCLU,4,111,98,5.500909016
02-DCLU,4,112,98,13.15750736
02-DCLU,4,113,98,12.81912634
02-DCLU,4,114,98,11.9707978
02-DCLU,4,115,98,8.045495634
02-DCLU,4,116,98,8.273451517
02-DCLU,4,117,98,9.158602513
02-DCLU,4,118,98,10.50047618
02-DCLU,4,119,98,11.07519752
02-DCLU,4,120,98,11.44770719
02-DCLU,4,121,98,16.64241569
02-DCLU,4,100,99,1.802775638
02-DCLU,4,101,99,3.744329045
02-DCLU,4,102,99,7.571657678
02-DCLU,4,103,99,9.374433316
02-DCLU,4,104,99,10.98362417
02-DCLU,4,105,99,13.5882302
02-DCLU,4,106,99,3.061045573
02-DCLU,4,107,99,4.539823785
02-DCLU,4,108,99,6.129437168
02-DCLU,4,109,99,8.222530024
02-DCLU,4,110,99,10.05783277
02-DCLU,4,111,99,5.707013229
02-DCLU,4,112,99,14.32654878
02-DCLU,4,113,99,13.66235704
02-DCLU,4,114,99,12.60039682
02-DCLU,4,115,99,8.041144197
02-DCLU,4,116,99,7.90569415
02-DCLU,4,117,99,8.43860178
02-DCLU,4,118,99,9.481033699
02-DCLU,4,119,99,10.82266141
02-DCLU,4,120,99,10.89311709
02-DCLU,4,121,99,16.30030675
02-DCLU,4,101,100,1.941648784
02-DCLU,4,102,100,5.768882041
02-DCLU,4,103,100,7.571657678
02-DCLU,4,104,100,9.180958556
02-DCLU,4,105,100,15.37172729
02-DCLU,4,106,100,3.03644529
02-DCLU,4,107,100,3.4
02-DCLU,4,108,100,4.617358552
02-DCLU,4,109,100,6.562011887
02-DCLU,4,110,100,8.343260753
02-DCLU,4,111,100,6.612110102
02-DCLU,4,112,100,15.87765726
02-DCLU,4,113,100,14.94021419
02-DCLU,4,114,100,13.69379421
02-DCLU,4,115,100,8.614522622
02-DCLU,4,116,100,8.077747211
02-DCLU,4,117,100,8.14002457
02-DCLU,4,118,100,8.720091743
02-DCLU,4,119,100,11.03086579
02-DCLU,4,120,100,10.73359213
02-DCLU,4,121,100,16.31103921
02-DCLU,4,102,101,3.827531842
02-DCLU,4,103,101,5.630275304
02-DCLU,4,104,101,7.240165744
02-DCLU,4,105,101,17.30028901
02-DCLU,4,106,101,4.060788101
02-DCLU,4,107,101,3.041381265
02-DCLU,4,108,101,3.354101966
02-DCLU,4,109,101,4.904079934
02-DCLU,4,110,101,6.562011887
02-DCLU,4,111,101,7.955501241
02-DCLU,4,112,101,17.61391495
02-DCLU,4,113,101,16.44384383
02-DCLU,4,114,101,15.04426801
02-DCLU,4,115,101,9.602083107
02-DCLU,4,116,101,8.713208364
02-DCLU,4,117,101,8.285529555
02-DCLU,4,118,101,8.297590012
02-DCLU,4,119,101,11.59525765
02-DCLU,4,120,101,10.92520023
02-DCLU,4,121,101,16.57105911
02-DCLU,4,103,102,1.802775638
02-DCLU,4,104,102,3.413209633
02-DCLU,4,105,102,21.10094785
02-DCLU,4,106,102,7.240165744
02-DCLU,4,107,102,5.126402247
02-DCLU,4,108,102,3.605551275
02-DCLU,4,109,102,2.860069929
02-DCLU,4,110,102,3.511409973
02-DCLU,4,111,102,11.0941426
02-DCLU,4,112,102,21.11160818
02-DCLU,4,113,102,19.59209024
02-DCLU,4,114,102,17.97776404
02-DCLU,4,115,102,12.18400591
02-DCLU,4,116,102,10.85034562
02-DCLU,4,117,102,9.70051545
02-DCLU,4,118,102,8.683317338
02-DCLU,4,119,102,13.41342611
02-DCLU,4,120,102,12.15935854
02-DCLU,4,121,102,17.63093872
02-DCLU,4,104,103,1.61245155
02-DCLU,4,105,103,22.89541439
02-DCLU,4,106,103,8.920201791
02-DCLU,4,107,103,6.673080248
02-DCLU,4,108,103,4.904079934
02-DCLU,4,109,103,3.306055051
02-DCLU,4,110,103,2.842534081
02-DCLU,4,111,103,12.70944531
02-DCLU,4,112,103,22.8002193
02-DCLU,4,113,103,21.15892247
02-DCLU,4,114,103,19.47434209
02-DCLU,4,115,103,13.61249426
02-DCLU,4,116,103,12.15647975
02-DCLU,4,117,103,10.79120012
02-DCLU,4,118,103,9.426027795
02-DCLU,4,119,103,14.5523194
02-DCLU,4,120,103,13.10343466
02-DCLU,4,121,103,18.39836949
02-DCLU,4,105,104,24.48836458
02-DCLU,4,106,104,10.42353107
02-DCLU,4,107,104,8.10246876
02-DCLU,4,108,104,6.22655603
02-DCLU,4,109,104,4.272001873
02-DCLU,4,110,104,3.02654919
02-DCLU,4,111,104,14.14814475
02-DCLU,4,112,104,24.2860042
02-DCLU,4,113,104,22.53752427
02-DCLU,4,114,104,20.79543219
02-DCLU,4,115,104,14.89765082
02-DCLU,4,116,104,13.35440002
02-DCLU,4,117,104,11.83596215
02-DCLU,4,118,104,10.22399139
02-DCLU,4,119,104,15.59775625
02-DCLU,4,120,104,14.00357097
02-DCLU,4,121,104,19.10654338
02-DCLU,4,106,105,14.38923209
02-DCLU,4,107,105,16.858529
02-DCLU,4,108,105,18.84807682
02-DCLU,4,109,105,21.14734026
02-DCLU,4,110,105,23.08679276
02-DCLU,4,111,105,11.6691902
02-DCLU,4,112,105,5.731491952
02-DCLU,4,113,105,8.994442729
02-DCLU,4,114,105,10.46756896
02-DCLU,4,115,105,13.01153335
02-DCLU,4,116,105,14.74923727
02-DCLU,4,117,105,16.81219795
02-DCLU,4,118,105,19.1637679
02-DCLU,4,119,105,15.7
02-DCLU,4,120,105,17.54821928
02-DCLU,4,121,105,20.08233054
02-DCLU,4,107,106,2.469817807
02-DCLU,4,108,106,4.465422712
02-DCLU,4,109,106,6.767569726
02-DCLU,4,110,106,8.709190548
02-DCLU,4,111,106,3.92173431
02-DCLU,4,112,106,13.88092216
02-DCLU,4,113,106,12.44226667
02-DCLU,4,114,106,10.98817546
02-DCLU,4,115,106,5.622277119
02-DCLU,4,116,106,5.056678752
02-DCLU,4,117,106,5.381449619
02-DCLU,4,118,106,6.519202405
02-DCLU,4,119,106,8.011242101
02-DCLU,4,120,106,7.874642849
02-DCLU,4,121,106,13.36899398
02-DCLU,4,108,107,2
02-DCLU,4,109,107,4.301162634
02-DCLU,4,110,107,6.242595614
02-DCLU,4,111,107,6.046486583
02-DCLU,4,112,107,16.19691329
02-DCLU,4,113,107,14.49034161
02-DCLU,4,114,107,12.85145906
02-DCLU,4,115,107,7.083078427
02-DCLU,4,116,107,5.9
02-DCLU,4,117,107,5.255473337
02-DCLU,4,118,107,5.381449619
02-DCLU,4,119,107,8.683317338
02-DCLU,4,120,107,7.892401409
02-DCLU,4,121,107,13.53846372
02-DCLU,4,109,108,2.302172887
02-DCLU,4,110,108,4.243819035
02-DCLU,4,111,108,7.964923101
02-DCLU,4,112,108,18.14662503
02-DCLU,4,113,108,16.31103921
02-DCLU,4,114,108,14.58355238
02-DCLU,4,115,108,8.709190548
02-DCLU,4,116,108,7.278049189
02-DCLU,4,117,108,6.107372594
02-DCLU,4,118,108,5.366563146
02-DCLU,4,119,108,9.808159868
02-DCLU,4,120,108,8.614522622
02-DCLU,4,121,108,14.16509795
02-DCLU,4,110,109,1.941648784
02-DCLU,4,111,109,10.19117265
02-DCLU,4,112,109,20.3823453
02-DCLU,4,113,109,18.41656863
02-DCLU,4,114,109,16.60903369
02-DCLU,4,115,109,10.69439105
02-DCLU,4,116,109,9.1
02-DCLU,4,117,109,7.570997292
02-DCLU,4,118,109,6.120457499
02-DCLU,4,119,109,11.33578405
02-DCLU,4,120,109,9.812746812
02-DCLU,4,121,109,15.09602597
02-DCLU,4,111,110,12.09173271
02-DCLU,4,112,110,22.27936265
02-DCLU,4,113,110,20.2272094
02-DCLU,4,114,110,18.36981219
02-DCLU,4,115,110,12.45552086
02-DCLU,4,116,110,10.78239306
02-DCLU,4,117,110,9.082400564
02-DCLU,4,118,110,7.283543094
02-DCLU,4,119,110,12.8082005
02-DCLU,4,120,110,11.10045044
02-DCLU,4,121,110,16.10031056
02-DCLU,4,112,111,10.19117265
02-DCLU,4,113,111,8.523496935
02-DCLU,4,114,111,7.102112362
02-DCLU,4,115,111,2.617250466
02-DCLU,4,116,111,3.517101079
02-DCLU,4,117,111,5.300943312
02-DCLU,4,118,111,7.531268154
02-DCLU,4,119,111,5.841232747
02-DCLU,4,120,111,6.800735254
02-DCLU,4,121,111,11.41095964
02-DCLU,4,113,112,3.721558813
02-DCLU,4,114,112,5.7218878
02-DCLU,4,115,112,10.34649699
02-DCLU,4,116,112,12.23315168
02-DCLU,4,117,112,14.37358689
02-DCLU,4,118,112,16.84339633
02-DCLU,4,119,112,12.14331092
02-DCLU,4,120,112,14.28040616
02-DCLU,4,121,112,15.5
02-DCLU,4,114,113,2.19317122
02-DCLU,4,115,113,7.810249676
02-DCLU,4,116,113,9.620810777
02-DCLU,4,117,113,11.67261753
02-DCLU,4,118,113,14.10141837
02-DCLU,4,119,113,8.906739022
02-DCLU,4,120,113,11.11395519
02-DCLU,4,121,113,11.80677771
02-DCLU,4,115,114,5.916924877
02-DCLU,4,116,114,7.640026178
02-DCLU,4,117,114,9.626006441
02-DCLU,4,118,114,12.02164714
02-DCLU,4,119,114,6.723094526
02-DCLU,4,120,114,8.935882721
02-DCLU,4,121,114,9.812746812
02-DCLU,4,116,115,1.886796226
02-DCLU,4,117,115,4.031128874
02-DCLU,4,118,115,6.5
02-DCLU,4,119,115,3.275667871
02-DCLU,4,120,115,4.617358552
02-DCLU,4,121,115,8.809086218
02-DCLU,4,117,116,2.147091055
02-DCLU,4,118,116,4.614108798
02-DCLU,4,119,116,2.954657341
02-DCLU,4,120,116,3.310589071
02-DCLU,4,121,116,8.402380615
02-DCLU,4,118,117,2.469817807
02-DCLU,4,119,117,3.765634077
02-DCLU,4,120,117,2.640075756
02-DCLU,4,121,117,8.285529555
02-DCLU,4,119,118,5.730619513
02-DCLU,4,120,118,3.832753579
02-DCLU,4,121,118,8.980534505
02-DCLU,4,120,119,2.220360331
02-DCLU,4,121,119,5.586591089
02-DCLU,4,120,121,5.646237685
01-DTOW,5,70,69,8.340863265
01-DTOW,5,71,69,13.55912977
01-DTOW,5,72,69,13.59448418
01-DTOW,5,71,70,5.234500931
01-DTOW,5,72,70,11.73882447
01-DTOW,5,71,72,12.92439554
03-DLIS,2,62,61,1.264911064
03-DLIS,2,63,61,1.772004515
03-DLIS,2,64,61,3.330165161
03-DLIS,2,65,61,4.031128874
03-DLIS,2,66,61,4.53431362
03-DLIS,2,67,61,5.331041174
03-DLIS,2,68,61,6.300793601
03-DLIS,2,69,61,7.780102827
03-DLIS,2,70,61,8.91571646
03-DLIS,2,71,61,9.613532129
03-DLIS,2,72,61,11.10855526
03-DLIS,2,73,61,8.935882721
03-DLIS,2,74,61,9.718538985
03-DLIS,2,75,61,11.501739
03-DLIS,2,76,61,12.40644994
03-DLIS,2,77,61,13.40335779
03-DLIS,2,78,61,15.45477273
03-DLIS,2,79,61,17.5071414
03-DLIS,2,80,61,15.97059799
03-DLIS,2,81,61,16.54690303
03-DLIS,2,82,61,17.70536642
03-DLIS,2,83,61,14.16509795
03-DLIS,2,84,61,12.59364919
03-DLIS,2,85,61,14.45164351
03-DLIS,2,86,61,13.23782459
03-DLIS,2,87,61,14.90939301
03-DLIS,2,88,61,17.04171353
03-DLIS,2,89,61,16.20493752
03-DLIS,2,90,61,17.05520448
03-DLIS,2,91,61,20.03596766
03-DLIS,2,92,61,21.13764414
03-DLIS,2,93,61,19.99849994
03-DLIS,2,94,61,20.70386437
03-DLIS,2,95,61,20.16581265
03-DLIS,2,96,61,21.40140182
03-DLIS,2,97,61,16.90473307
03-DLIS,2,98,61,24.98979792
03-DLIS,2,99,61,24.19938016
03-DLIS,2,100,61,22.28474815
03-DLIS,2,101,61,20.10198995
03-DLIS,2,102,61,18.10248602
03-DLIS,2,103,61,18.86716725
03-DLIS,2,104,61,18.62525168
03-DLIS,2,105,61,20.22325394
03-DLIS,2,106,61,16.71556161
03-DLIS,2,107,61,21.11231868
03-DLIS,2,108,61,19.79595918
03-DLIS,2,109,61,16.67363188
03-DLIS,2,110,61,17.81796846
03-DLIS,2,111,61,17.31848723
03-DLIS,2,112,61,16.10279479
03-DLIS,2,113,61,15.76102789
03-DLIS,2,114,61,13.91294361
03-DLIS,2,115,61,13.55581056
03-DLIS,2,116,61,13.06330739
03-DLIS,2,117,61,11.32254388
03-DLIS,2,118,61,11.4437756
03-DLIS,2,119,61,10.94577544
03-DLIS,2,120,61,8.338465087
03-DLIS,2,121,61,9.457801013
03-DLIS,2,122,61,8.7658428
03-DLIS,2,123,61,14.06164997
03-DLIS,2,124,61,12.97690256
03-DLIS,2,125,61,12.17579566
03-DLIS,2,126,61,10.37111373
03-DLIS,2,127,61,11.40175425
03-DLIS,2,128,61,8.402380615
03-DLIS,2,129,61,6.251399843
03-DLIS,2,130,61,5.731491952
03-DLIS,2,131,61,5.554277631
03-DLIS,2,132,61,15.33883959
03-DLIS,2,63,62,0.509901951
03-DLIS,2,64,62,2.220360331
03-DLIS,2,65,62,2.801785145
03-DLIS,2,66,62,3.405877273
03-DLIS,2,67,62,4.071854614
03-DLIS,2,68,62,5.10881591
03-DLIS,2,69,62,6.594694838
03-DLIS,2,70,62,7.655716818
03-DLIS,2,71,62,8.348652586
03-DLIS,2,72,62,9.848857802
03-DLIS,2,73,62,7.71038261
03-DLIS,2,74,62,8.558621384
03-DLIS,2,75,62,10.30194156
03-DLIS,2,76,62,11.22853508
03-DLIS,2,77,62,12.22006547
03-DLIS,2,78,62,14.22849254
03-DLIS,2,79,62,16.30030675
03-DLIS,2,80,62,14.74109901
03-DLIS,2,81,62,15.30620789
03-DLIS,2,82,62,16.44506005
03-DLIS,2,83,62,12.9031004
03-DLIS,2,84,62,11.32960723
03-DLIS,2,85,62,13.18673576
03-DLIS,2,86,62,11.98832766
03-DLIS,2,87,62,13.66930869
03-DLIS,2,88,62,15.79430277
03-DLIS,2,89,62,15
03-DLIS,2,90,62,15.87954659
03-DLIS,2,91,62,18.78297101
03-DLIS,2,92,62,19.9138143
03-DLIS,2,93,62,18.78563281
03-DLIS,2,94,62,19.5
03-DLIS,2,95,62,18.99315666
03-DLIS,2,96,62,20.2410474
03-DLIS,2,97,62,16.51938256
03-DLIS,2,98,62,23.89497855
03-DLIS,2,99,62,23.1294185
03-DLIS,2,100,62,21.27275253
03-DLIS,2,101,62,19.04127097
03-DLIS,2,102,62,17.06516921
03-DLIS,2,103,62,17.86309044
03-DLIS,2,104,62,17.67766953
03-DLIS,2,105,62,19.42009269
03-DLIS,2,106,62,15.90880259
03-DLIS,2,107,62,20.22003956
03-DLIS,2,108,62,19.06724941
03-DLIS,2,109,62,16.14465856
03-DLIS,2,110,62,17.51456537
03-DLIS,2,111,62,17.01793172
03-DLIS,2,112,62,15.77149327
03-DLIS,2,113,62,14.72990156
03-DLIS,2,114,62,13.07402004
03-DLIS,2,115,62,12.77810628
03-DLIS,2,116,62,12.3227432
03-DLIS,2,117,62,10.63014581
03-DLIS,2,118,62,11.21784293
03-DLIS,2,119,62,10.72800075
03-DLIS,2,120,62,8.149233093
03-DLIS,2,121,62,8.732124598
03-DLIS,2,122,62,7.912016178
03-DLIS,2,123,62,12.84562182
03-DLIS,2,124,62,11.73371212
03-DLIS,2,125,62,10.91100362
03-DLIS,2,126,62,9.202173656
03-DLIS,2,127,62,10.21763182
03-DLIS,2,128,62,7.378346698
03-DLIS,2,129,62,5.813776741
03-DLIS,2,130,62,5.597320788
03-DLIS,2,131,62,5.0009999
03-DLIS,2,132,62,14.54647724
03-DLIS,2,64,63,1.878829423
03-DLIS,2,65,63,2.343074903
03-DLIS,2,66,63,3.023243292
03-DLIS,2,67,63,3.577708764
03-DLIS,2,68,63,4.617358552
03-DLIS,2,69,63,6.155485359
03-DLIS,2,70,63,7.158910532
03-DLIS,2,71,63,7.84346862
03-DLIS,2,72,63,9.339164845
03-DLIS,2,73,63,7.20624729
03-DLIS,2,74,63,8.075270893
03-DLIS,2,75,63,9.804590761
03-DLIS,2,76,63,10.73778376
03-DLIS,2,77,63,11.72731853
03-DLIS,2,78,63,13.72333779
03-DLIS,2,79,63,15.8
03-DLIS,2,80,63,14.23516772
03-DLIS,2,81,63,14.79797283
03-DLIS,2,82,63,15.93549497
03-DLIS,2,83,63,12.39395014
03-DLIS,2,84,63,10.82681855
03-DLIS,2,85,63,12.68108828
03-DLIS,2,86,63,11.50043477
03-DLIS,2,87,63,13.18825235
03-DLIS,2,88,63,15.30751449
03-DLIS,2,89,63,14.54166428
03-DLIS,2,90,63,15.43826415
03-DLIS,2,91,63,18.29152809
03-DLIS,2,92,63,19.44273643
03-DLIS,2,93,63,18.32157198
03-DLIS,2,94,63,19.04127097
03-DLIS,2,95,63,18.55262785
03-DLIS,2,96,63,19.80706945
03-DLIS,2,97,63,16.45144371
03-DLIS,2,98,63,23.49489306
03-DLIS,2,99,63,22.74225143
03-DLIS,2,100,63,20.9153054
03-DLIS,2,101,63,18.66038585
03-DLIS,2,102,63,16.69730517
03-DLIS,2,103,63,17.51142484
03-DLIS,2,104,63,17.35396208
03-DLIS,2,105,63,19.16350699
03-DLIS,2,106,63,15.65407295
03-DLIS,2,107,63,19.92109435
03-DLIS,2,108,63,18.84515853
03-DLIS,2,109,63,16.01530518
03-DLIS,2,110,63,17.47970251
03-DLIS,2,111,63,16.98499338
03-DLIS,2,112,63,15.7276826
03-DLIS,2,113,63,14.36697602
03-DLIS,2,114,63,12.8082005
03-DLIS,2,115,63,12.54192968
03-DLIS,2,116,63,12.10495766
03-DLIS,2,117,63,10.43934864
03-DLIS,2,118,63,11.22942563
03-DLIS,2,119,63,10.74476617
03-DLIS,2,120,63,8.190848552
03-DLIS,2,121,63,8.532877592
03-DLIS,2,122,63,7.653757247
03-DLIS,2,123,63,12.38103388
03-DLIS,2,124,63,11.25077775
03-DLIS,2,125,63,10.40432602
03-DLIS,2,126,63,8.769264507
03-DLIS,2,127,63,9.774456507
03-DLIS,2,128,63,7.032780389
03-DLIS,2,129,63,5.770615219
03-DLIS,2,130,63,5.68594759
03-DLIS,2,131,63,4.916299421
03-DLIS,2,132,63,14.30034965
03-DLIS,2,65,64,1.019803903
03-DLIS,2,66,64,1.204159458
03-DLIS,2,67,64,2.40208243
03-DLIS,2,68,64,4.341658669
03-DLIS,2,69,64,4.465422712
03-DLIS,2,70,64,5.846366393
03-DLIS,2,71,64,6.661080993
03-DLIS,2,72,64,8.309632964
03-DLIS,2,73,64,6.551335742
03-DLIS,2,74,64,7.725283166
03-DLIS,2,75,64,9.219544457
03-DLIS,2,76,64,10.23572176
03-DLIS,2,77,64,11.18302285
03-DLIS,2,78,64,12.93135724
03-DLIS,2,79,64,15.09602597
03-DLIS,2,80,64,13.41827113
03-DLIS,2,81,64,13.9
03-DLIS,2,82,64,14.83543056
03-DLIS,2,83,64,11.28716085
03-DLIS,2,84,64,9.556673061
03-DLIS,2,85,64,11.45425685
03-DLIS,2,86,64,10.04639239
03-DLIS,2,87,64,11.67304588
03-DLIS,2,88,64,13.82931669
03-DLIS,2,89,64,12.89689885
03-DLIS,2,90,64,13.7277092
03-DLIS,2,91,64,16.84666139
03-DLIS,2,92,64,17.85301095
03-DLIS,2,93,64,16.69760462
03-DLIS,2,94,64,17.39252713
03-DLIS,2,95,64,16.83716128
03-DLIS,2,96,64,18.07124788
03-DLIS,2,97,64,14.8492424
03-DLIS,2,98,64,21.68363438
03-DLIS,2,99,64,20.9117192
03-DLIS,2,100,64,19.05413341
03-DLIS,2,101,64,16.82200939
03-DLIS,2,102,64,14.84486443
03-DLIS,2,103,64,15.64608577
03-DLIS,2,104,64,15.47675677
03-DLIS,2,105,64,17.3
03-DLIS,2,106,64,13.79275172
03-DLIS,2,107,64,18.04272707
03-DLIS,2,108,64,17.00735135
03-DLIS,2,109,64,14.30034965
03-DLIS,2,110,64,15.94521872
03-DLIS,2,111,64,15.45639026
03-DLIS,2,112,64,14.17921013
03-DLIS,2,113,64,12.509996
03-DLIS,2,114,64,10.94166349
03-DLIS,2,115,64,10.69626103
03-DLIS,2,116,64,10.27715914
03-DLIS,2,117,64,8.646964785
03-DLIS,2,118,64,9.843271814
03-DLIS,2,119,64,9.377632964
03-DLIS,2,120,64,6.935416354
03-DLIS,2,121,64,6.736467917
03-DLIS,2,122,64,5.797413216
03-DLIS,2,123,64,10.77032961
03-DLIS,2,124,64,9.757561171
03-DLIS,2,125,64,9.22279784
03-DLIS,2,126,64,7.043436661
03-DLIS,2,127,64,8.080222769
03-DLIS,2,128,64,5.1623638
03-DLIS,2,129,64,4.346262762
03-DLIS,2,130,64,4.675467891
03-DLIS,2,131,64,3.417601498
03-DLIS,2,132,64,12.44548111
03-DLIS,2,66,65,1.004987562
03-DLIS,2,67,65,1.403566885
03-DLIS,2,68,65,3.383784863
03-DLIS,2,69,65,3.818376618
03-DLIS,2,70,65,4.933558553
03-DLIS,2,71,65,5.707013229
03-DLIS,2,72,65,7.324616031
03-DLIS,2,73,65,5.531726674
03-DLIS,2,74,65,6.723094526
03-DLIS,2,75,65,8.2
03-DLIS,2,76,65,9.217917335
03-DLIS,2,77,65,10.16366076
03-DLIS,2,78,65,11.92057046
03-DLIS,2,79,65,14.08012784
03-DLIS,2,80,65,12.41007655
03-DLIS,2,81,65,12.90155029
03-DLIS,2,82,65,13.87551801
03-DLIS,2,83,65,10.3247276
03-DLIS,2,84,65,8.640023148
03-DLIS,2,85,65,10.52615789
03-DLIS,2,86,65,9.213576938
03-DLIS,2,87,65,10.878419
03-DLIS,2,88,65,13.01422299
03-DLIS,2,89,65,12.20040983
03-DLIS,2,90,65,13.09694621
03-DLIS,2,91,65,16.01530518
03-DLIS,2,92,65,17.11286066
03-DLIS,2,93,65,15.98405455
03-DLIS,2,94,65,16.7002994
03-DLIS,2,95,65,16.21141573
03-DLIS,2,96,65,17.4691156
03-DLIS,2,97,65,15.21906699
03-DLIS,2,98,65,21.19292335
03-DLIS,2,99,65,20.46118276
03-DLIS,2,100,65,18.69384926
03-DLIS,2,101,65,16.39329131
03-DLIS,2,102,65,14.45856148
03-DLIS,2,103,65,15.30751449
03-DLIS,2,104,65,15.22005256
03-DLIS,2,105,65,17.22004646
03-DLIS,2,106,65,13.73171512
03-DLIS,2,107,65,17.84880948
03-DLIS,2,108,65,17.01558109
03-DLIS,2,109,65,14.54166428
03-DLIS,2,110,65,16.37467557
03-DLIS,2,111,65,15.89276565
03-DLIS,2,112,65,14.60308187
03-DLIS,2,113,65,12.14331092
03-DLIS,2,114,65,10.86830254
03-DLIS,2,115,65,10.70560601
03-DLIS,2,116,65,10.33924562
03-DLIS,2,117,65,8.800568163
03-DLIS,2,118,65,10.42161216
03-DLIS,2,119,65,9.972963451
03-DLIS,2,120,65,7.62758153
03-DLIS,2,121,65,6.90651866
03-DLIS,2,122,65,5.821511831
03-DLIS,2,123,65,10.04390362
03-DLIS,2,124,65,8.947066558
03-DLIS,2,125,65,8.276472679
03-DLIS,2,126,65,6.435060217
03-DLIS,2,127,65,7.433034374
03-DLIS,2,128,65,4.904079934
03-DLIS,2,129,65,4.992995093
03-DLIS,2,130,65,5.522680509
03-DLIS,2,131,65,4.049691346
03-DLIS,2,132,65,12.41491039
03-DLIS,2,67,66,1.749285568
03-DLIS,2,68,66,4.101219331
03-DLIS,2,69,66,3.275667871
03-DLIS,2,70,66,4.825971405
03-DLIS,2,71,66,5.700877125
03-DLIS,2,72,66,7.410802925
03-DLIS,2,73,66,5.923681288
03-DLIS,2,74,66,7.256031973
03-DLIS,2,75,66,8.570297544
03-DLIS,2,76,66,9.620810777
03-DLIS,2,77,66,10.53043209
03-DLIS,2,78,66,12.11981848
03-DLIS,2,79,66,14.3199162
03-DLIS,2,80,66,12.58967831
03-DLIS,2,81,66,13.02459212
03-DLIS,2,82,66,13.85207566
03-DLIS,2,83,66,10.31746093
03-DLIS,2,84,66,8.515867542
03-DLIS,2,85,66,10.42353107
03-DLIS,2,86,66,8.919641248
03-DLIS,2,87,66,10.51903037
03-DLIS,2,88,66,12.68463638
03-DLIS,2,89,66,11.70469991
03-DLIS,2,90,66,12.52517465
03-DLIS,2,91,66,15.70986951
03-DLIS,2,92,66,16.67093279
03-DLIS,2,93,66,15.50806242
03-DLIS,2,94,66,16.19783936
03-DLIS,2,95,66,15.63393744
03-DLIS,2,96,66,16.86712779
03-DLIS,2,97,66,14.22005626
03-DLIS,2,98,66,20.48926548
03-DLIS,2,99,66,19.72536438
03-DLIS,2,100,66,17.89329483
03-DLIS,2,101,66,15.64001279
03-DLIS,2,102,66,13.67406304
03-DLIS,2,103,66,14.49172177
03-DLIS,2,104,66,14.35618334
03-DLIS,2,105,66,16.27820629
03-DLIS,2,106,66,12.78162744
03-DLIS,2,107,66,16.95435047
03-DLIS,2,108,66,16.04618335
03-DLIS,2,109,66,13.53698637
03-DLIS,2,110,66,15.38440769
03-DLIS,2,111,66,14.9040263
03-DLIS,2,112,66,13.61249426
03-DLIS,2,113,66,11.34416149
03-DLIS,2,114,66,9.92018145
03-DLIS,2,115,66,9.732420048
03-DLIS,2,116,66,9.353608929
03-DLIS,2,117,66,7.8
03-DLIS,2,118,66,9.482615673
03-DLIS,2,119,66,9.042676595
03-DLIS,2,120,66,6.762396025
03-DLIS,2,121,66,5.903388857
03-DLIS,2,122,66,4.837354649
03-DLIS,2,123,66,9.58801335
03-DLIS,2,124,66,8.616263691
03-DLIS,2,125,66,8.229823813
03-DLIS,2,126,66,5.841232747
03-DLIS,2,127,66,6.881860214
03-DLIS,2,128,66,4.024922359
03-DLIS,2,129,66,4.123105626
03-DLIS,2,130,66,4.825971405
03-DLIS,2,131,66,3.189043744
03-DLIS,2,132,66,11.45425685
03-DLIS,2,68,67,2.441311123
03-DLIS,2,69,67,2.906888371
03-DLIS,2,70,67,3.584689666
03-DLIS,2,71,67,4.317406629
03-DLIS,2,72,67,5.921148537
03-DLIS,2,73,67,4.205948169
03-DLIS,2,74,67,5.507267925
03-DLIS,2,75,67,6.868041933
03-DLIS,2,76,67,7.90569415
03-DLIS,2,77,67,8.832326987
03-DLIS,2,78,67,10.53043209
03-DLIS,2,79,67,12.70118105
03-DLIS,2,80,67,11.01635148
03-DLIS,2,81,67,11.50043477
03-DLIS,2,82,67,12.47798061
03-DLIS,2,83,67,8.926925563
03-DLIS,2,84,67,7.273238618
03-DLIS,2,85,67,9.148223871
03-DLIS,2,86,67,7.925906888
03-DLIS,2,87,67,9.625487001
03-DLIS,2,88,67,11.73371212
03-DLIS,2,89,67,11.05350623
03-DLIS,2,90,67,12.02414238
03-DLIS,2,91,67,14.71393897
03-DLIS,2,92,67,15.90282994
03-DLIS,2,93,67,14.80540442
03-DLIS,2,94,67,15.54380906
03-DLIS,2,95,67,15.13274595
03-DLIS,2,96,67,16.41462762
03-DLIS,2,97,67,15.46900126
03-DLIS,2,98,67,20.26252699
03-DLIS,2,99,67,19.58187938
03-DLIS,2,100,67,17.93348823
03-DLIS,2,101,67,15.55538492
03-DLIS,2,102,67,13.68502832
03-DLIS,2,103,67,14.59075049
03-DLIS,2,104,67,14.61095479
03-DLIS,2,105,67,16.83448841
03-DLIS,2,106,67,13.39589489
03-DLIS,2,107,67,17.30809059
03-DLIS,2,108,67,16.75052238
03-DLIS,2,109,67,14.61540283
03-DLIS,2,110,67,16.70269439
03-DLIS,2,111,67,16.23360712
03-DLIS,2,112,67,14.93452376
03-DLIS,2,113,67,11.41271221
03-DLIS,2,114,67,10.54751155
03-DLIS,2,115,67,10.50047618
03-DLIS,2,116,67,10.21224755
03-DLIS,2,117,67,8.828363382
03-DLIS,2,118,67,11.01362792
03-DLIS,2,119,67,10.59481005
03-DLIS,2,120,67,8.421995013
03-DLIS,2,121,67,7.009279564
03-DLIS,2,122,67,5.770615219
03-DLIS,2,123,67,8.872992731
03-DLIS,2,124,67,7.685050423
03-DLIS,2,125,67,6.88839604
03-DLIS,2,126,67,5.464430437
03-DLIS,2,127,67,6.389053138
03-DLIS,2,128,67,4.509988914
03-DLIS,2,129,67,5.798275606
03-DLIS,2,130,67,6.573431372
03-DLIS,2,131,67,4.883646179
03-DLIS,2,132,67,12.13342491
03-DLIS,2,69,68,4.601086828
03-DLIS,2,70,68,3.894868419
03-DLIS,2,71,68,4.103656906
03-DLIS,2,72,68,5.14781507
03-DLIS,2,73,68,2.692582404
03-DLIS,2,74,68,3.471310992
03-DLIS,2,75,68,5.20096145
03-DLIS,2,76,68,6.120457499
03-DLIS,2,77,68,7.111258679
03-DLIS,2,78,68,9.178779875
03-DLIS,2,79,68,11.20714058
03-DLIS,2,80,68,9.701546269
03-DLIS,2,81,68,10.31600698
03-DLIS,2,82,68,11.64560003
03-DLIS,2,83,68,8.185963596
03-DLIS,2,84,68,6.98140387
03-DLIS,2,85,68,8.660831369
03-DLIS,2,86,68,8.065977932
03-DLIS,2,87,68,9.835141077
03-DLIS,2,88,68,11.75925168
03-DLIS,2,89,68,11.58015544
03-DLIS,2,90,68,12.73184983
03-DLIS,2,91,68,14.58012346
03-DLIS,2,92,68,16.12265487
03-DLIS,2,93,68,15.14859729
03-DLIS,2,94,68,15.94521872
03-DLIS,2,95,68,15.7632484
03-DLIS,2,96,68,17.08917786
03-DLIS,2,97,68,17.8058979
03-DLIS,2,98,68,21.1851363
03-DLIS,2,99,68,20.61674077
03-DLIS,2,100,68,19.20650931
03-DLIS,2,101,68,16.71556161
03-DLIS,2,102,68,14.98932954
03-DLIS,2,103,68,15.97654531
03-DLIS,2,104,68,16.16168308
03-DLIS,2,105,68,18.65261376
03-DLIS,2,106,68,15.30130713
03-DLIS,2,107,68,18.92643654
03-DLIS,2,108,68,18.70026738
03-DLIS,2,109,68,16.85734261
03-DLIS,2,110,68,19.07092027
03-DLIS,2,111,68,18.60779407
03-DLIS,2,112,68,17.30780171
03-DLIS,2,113,68,12.83160161
03-DLIS,2,114,68,12.50639836
03-DLIS,2,115,68,12.56741819
03-DLIS,2,116,68,12.34706443
03-DLIS,2,117,68,11.08602724
03-DLIS,2,118,68,13.45288073
03-DLIS,2,119,68,13.03572016
03-DLIS,2,120,68,10.84665847
03-DLIS,2,121,68,9.330058949
03-DLIS,2,122,68,8.036168241
03-DLIS,2,123,68,9.404786016
03-DLIS,2,124,68,7.951100553
03-DLIS,2,125,68,6.407027392
03-DLIS,2,126,68,6.718630813
03-DLIS,2,127,68,7.409453421
03-DLIS,2,128,68,6.59241989
03-DLIS,2,129,68,8.213403679
03-DLIS,2,130,68,8.886506625
03-DLIS,2,131,68,7.286288493
03-DLIS,2,132,68,14.10886246
03-DLIS,2,70,69,2.332380758
03-DLIS,2,71,69,3.312099032
03-DLIS,2,72,69,5.056678752
03-DLIS,2,73,69,4.74341649
03-DLIS,2,74,69,6.351377803
03-DLIS,2,75,69,6.952697318
03-DLIS,2,76,69,8.028075735
03-DLIS,2,77,69,8.7658428
03-DLIS,2,78,69,9.808159868
03-DLIS,2,79,69,12.0552893
03-DLIS,2,80,69,10.21420579
03-DLIS,2,81,69,10.50190459
03-DLIS,2,82,69,11.01135777
03-DLIS,2,83,69,7.580237463
03-DLIS,2,84,69,5.608029957
03-DLIS,2,85,69,7.500666637
03-DLIS,2,86,69,5.748912941
03-DLIS,2,87,69,7.280109889
03-DLIS,2,88,69,9.457801013
03-DLIS,2,89,69,8.431488599
03-DLIS,2,90,69,9.284934033
03-DLIS,2,91,69,12.49199744
03-DLIS,2,92,69,13.39589489
03-DLIS,2,93,69,12.23315168
03-DLIS,2,94,69,12.92749009
03-DLIS,2,95,69,12.39879026
03-DLIS,2,96,69,13.65173982
03-DLIS,2,97,69,13.50851583
03-DLIS,2,98,69,17.40114939
03-DLIS,2,99,69,16.69730517
03-DLIS,2,100,69,15.02664301
03-DLIS,2,101,69,12.65701387
03-DLIS,2,102,69,10.77821878
03-DLIS,2,103,69,11.68674463
03-DLIS,2,104,69,11.73413823
03-DLIS,2,105,69,14.08012784
03-DLIS,2,106,69,10.70420478
03-DLIS,2,107,69,14.4554488
03-DLIS,2,108,69,14.1
03-DLIS,2,109,69,12.39677377
03-DLIS,2,110,69,14.85294584
03-DLIS,2,111,69,14.4138822
03-DLIS,2,112,69,13.12288078
03-DLIS,2,113,69,8.508818954
03-DLIS,2,114,69,7.90569415
03-DLIS,2,115,69,7.9906195
03-DLIS,2,116,69,7.810249676
03-DLIS,2,117,69,6.711929678
03-DLIS,2,118,69,9.835141077
03-DLIS,2,119,69,9.501578816
03-DLIS,2,120,69,7.871467462
03-DLIS,2,121,69,5.16139516
03-DLIS,2,122,69,3.801315562
03-DLIS,2,123,69,6.313477647
03-DLIS,2,124,69,5.412023651
03-DLIS,2,125,69,5.491812087
03-DLIS,2,126,69,2.617250466
03-DLIS,2,127,69,3.623534186
03-DLIS,2,128,69,2.147091055
03-DLIS,2,129,69,5.604462508
03-DLIS,2,130,69,6.873136111
03-DLIS,2,131,69,4.949747468
03-DLIS,2,132,69,9.508417324
03-DLIS,2,71,70,0.98488578
03-DLIS,2,72,70,2.751363298
03-DLIS,2,73,70,2.789265136
03-DLIS,2,74,70,4.365775991
03-DLIS,2,75,70,4.666904756
03-DLIS,2,76,70,5.731491952
03-DLIS,2,77,70,6.440496875
03-DLIS,2,78,70,7.52861209
03-DLIS,2,79,70,9.771898485
03-DLIS,2,80,70,7.955501241
03-DLIS,2,81,70,8.302409289
03-DLIS,2,82,70,9.027181177
03-DLIS,2,83,70,5.500909016
03-DLIS,2,84,70,3.710795063
03-DLIS,2,85,70,5.608921465
03-DLIS,2,86,70,4.3829214
03-DLIS,2,87,70,6.122091146
03-DLIS,2,88,70,8.183520025
03-DLIS,2,89,70,7.73369252
03-DLIS,2,90,70,8.848163651
03-DLIS,2,91,70,11.14136437
03-DLIS,2,92,70,12.43261839
03-DLIS,2,93,70,11.38990781
03-DLIS,2,94,70,12.16223664
03-DLIS,2,95,70,11.90168055
03-DLIS,2,96,70,13.22006051
03-DLIS,2,97,70,15.50483795
03-DLIS,2,98,70,17.2904598
03-DLIS,2,99,70,16.72602762
03-DLIS,2,100,70,15.36879956
03-DLIS,2,101,70,12.85145906
03-DLIS,2,102,70,11.18257573
03-DLIS,2,103,70,12.20245877
03-DLIS,2,104,70,12.49039631
03-DLIS,2,105,70,15.20822146
03-DLIS,2,106,70,12.02081528
03-DLIS,2,107,70,15.28397854
03-DLIS,2,108,70,15.43016526
03-DLIS,2,109,70,14.23516772
03-DLIS,2,110,70,16.89644933
03-DLIS,2,111,70,16.47543626
03-DLIS,2,112,70,15.19901313
03-DLIS,2,113,70,9.108238029
03-DLIS,2,114,70,9.386160024
03-DLIS,2,115,70,9.646242792
03-DLIS,2,116,70,9.585405573
03-DLIS,2,117,70,8.736704184
03-DLIS,2,118,70,12.12641744
03-DLIS,2,119,70,11.80677771
03-DLIS,2,120,70,10.2
03-DLIS,2,121,70,7.359347797
03-DLIS,2,122,70,6.010823571
03-DLIS,2,123,70,5.54436651
03-DLIS,2,124,70,4.186884283
03-DLIS,2,125,70,3.405877273
03-DLIS,2,126,70,3.106444913
03-DLIS,2,127,70,3.590264614
03-DLIS,2,128,70,4.313930922
03-DLIS,2,129,70,7.877182237
03-DLIS,2,130,70,9.070832376
03-DLIS,2,131,70,7.156814934
03-DLIS,2,132,70,10.9658561
03-DLIS,2,72,71,1.772004515
03-DLIS,2,73,71,2.308679276
03-DLIS,2,74,71,3.748332963
03-DLIS,2,75,71,3.764306045
03-DLIS,2,76,71,4.810405388
03-DLIS,2,77,71,5.481788029
03-DLIS,2,78,71,6.5520989
03-DLIS,2,79,71,8.793179175
03-DLIS,2,80,71,6.985699679
03-DLIS,2,81,71,7.355270219
03-DLIS,2,82,71,8.174350127
03-DLIS,2,83,71,4.627094121
03-DLIS,2,84,71,2.996664813
03-DLIS,2,85,71,4.838388161
03-DLIS,2,86,71,3.962322551
03-DLIS,2,87,71,5.731491952
03-DLIS,2,88,71,7.683749085
03-DLIS,2,89,71,7.516648189
03-DLIS,2,90,71,8.723531395
03-DLIS,2,91,71,10.56882207
03-DLIS,2,92,71,12.02414238
03-DLIS,2,93,71,11.04536102
03-DLIS,2,94,71,11.84440796
03-DLIS,2,95,71,11.70469991
03-DLIS,2,96,71,13.03840481
03-DLIS,2,97,71,16.31349135
03-DLIS,2,98,71,17.21772343
03-DLIS,2,99,71,16.71556161
03-DLIS,2,100,71,15.49870962
03-DLIS,2,101,71,12.94024729
03-DLIS,2,102,71,11.37717012
03-DLIS,2,103,71,12.43100961
03-DLIS,2,104,71,12.81405478
03-DLIS,2,105,71,15.66269453
03-DLIS,2,106,71,12.57179383
03-DLIS,2,107,71,15.61569723
03-DLIS,2,108,71,15.96558799
03-DLIS,2,109,71,14.98165545
03-DLIS,2,110,71,17.72286659
03-DLIS,2,111,71,17.3104015
03-DLIS,2,112,71,16.0424437
03-DLIS,2,113,71,9.41328848
03-DLIS,2,114,71,10.02447006
03-DLIS,2,115,71,10.34698024
03-DLIS,2,116,71,10.33102125
03-DLIS,2,117,71,9.58018789
03-DLIS,2,118,71,13.07287268
03-DLIS,2,119,71,12.76126953
03-DLIS,2,120,71,11.18257573
03-DLIS,2,121,71,8.273451517
03-DLIS,2,122,71,6.935416354
03-DLIS,2,123,71,5.371219601
03-DLIS,2,124,71,3.860051813
03-DLIS,2,125,71,2.570992026
03-DLIS,2,126,71,3.668787266
03-DLIS,2,127,71,3.901281841
03-DLIS,2,128,71,5.240229003
03-DLIS,2,129,71,8.860022573
03-DLIS,2,130,71,10.04241007
03-DLIS,2,131,71,8.132035416
03-DLIS,2,132,71,11.58015544
03-DLIS,2,73,72,2.617250466
03-DLIS,2,74,72,3.383784863
03-DLIS,2,75,72,2.5
03-DLIS,2,76,72,3.4
03-DLIS,2,77,72,3.894868419
03-DLIS,2,78,72,4.780167361
03-DLIS,2,79,72,7.021395873
03-DLIS,2,80,72,5.217278984
03-DLIS,2,81,72,5.614267539
03-DLIS,2,82,72,6.596969001
03-DLIS,2,83,72,3.06757233
03-DLIS,2,84,72,2.059126028
03-DLIS,2,85,72,3.522782991
03-DLIS,2,86,72,3.544009029
03-DLIS,2,87,72,5.189412298
03-DLIS,2,88,72,6.824954212
03-DLIS,2,89,72,7.211102551
03-DLIS,2,90,72,8.544003745
03-DLIS,2,91,72,9.501578816
03-DLIS,2,92,72,11.24455424
03-DLIS,2,93,72,10.40096149
03-DLIS,2,94,72,11.23610253
03-DLIS,2,95,72,11.32166066
03-DLIS,2,96,72,12.66254319
03-DLIS,2,97,72,17.68191166
03-DLIS,2,98,72,16.99441085
03-DLIS,2,99,72,16.60873264
03-DLIS,2,100,72,15.65535052
03-DLIS,2,101,72,13.05411812
03-DLIS,2,102,72,11.70384552
03-DLIS,2,103,72,12.80039062
03-DLIS,2,104,72,13.3454112
03-DLIS,2,105,72,16.39573115
03-DLIS,2,106,72,13.50296264
03-DLIS,2,107,72,16.13102601
03-DLIS,2,108,72,16.84042755
03-DLIS,2,109,72,16.24099751
03-DLIS,2,110,72,19.12066944
03-DLIS,2,111,72,18.72565086
03-DLIS,2,112,72,17.477414
03-DLIS,2,113,72,9.972462083
03-DLIS,2,114,72,11.13597773
03-DLIS,2,115,72,11.56027681
03-DLIS,2,116,72,11.6211015
03-DLIS,2,117,72,11.04536102
03-DLIS,2,118,72,14.72005435
03-DLIS,2,119,72,14.42671134
03-DLIS,2,120,72,12.9247824
03-DLIS,2,121,72,9.871676656
03-DLIS,2,122,72,8.560373824
03-DLIS,2,123,72,5.277309921
03-DLIS,2,124,72,3.649657518
03-DLIS,2,125,72,1.360147051
03-DLIS,2,126,72,4.882622246
03-DLIS,2,127,72,4.75394573
03-DLIS,2,128,72,6.881860214
03-DLIS,2,129,72,10.6282642
03-DLIS,2,130,72,11.81397478
03-DLIS,2,131,72,9.90403958
03-DLIS,2,132,72,12.63170614
03-DLIS,2,74,73,1.61245155
03-DLIS,2,75,73,2.668332813
03-DLIS,2,76,73,3.7
03-DLIS,2,77,73,4.632493929
03-DLIS,2,78,73,6.519202405
03-DLIS,2,79,73,8.605230967
03-DLIS,2,80,73,7.034912935
03-DLIS,2,81,73,7.629547824
03-DLIS,2,82,73,8.969392399
03-DLIS,2,83,73,5.556977596
03-DLIS,2,84,73,4.622769733
03-DLIS,2,85,73,6.122091146
03-DLIS,2,86,73,5.953990259
03-DLIS,2,87,73,7.685050423
03-DLIS,2,88,73,9.426027795
03-DLIS,2,89,73,9.615092303
03-DLIS,2,90,73,10.8853112
03-DLIS,2,91,73,12.11651765
03-DLIS,2,92,73,13.84088147
03-DLIS,2,93,73,12.96186715
03-DLIS,2,94,73,13.78767566
03-DLIS,2,95,73,13.78296049
03-DLIS,2,96,73,15.12382227
03-DLIS,2,97,73,18.20604295
03-DLIS,2,98,73,19.38298223
03-DLIS,2,99,73,18.92564398
03-DLIS,2,100,73,17.77920133
03-DLIS,2,101,73,15.20855023
03-DLIS,2,102,73,13.67808466
03-DLIS,2,103,73,14.73634962
03-DLIS,2,104,73,15.1211772
03-DLIS,2,105,73,17.94017837
03-DLIS,2,106,73,14.79594539
03-DLIS,2,107,73,17.92261142
03-DLIS,2,108,73,18.20137357
03-DLIS,2,109,73,16.99235122
03-DLIS,2,110,73,19.57268505
03-DLIS,2,111,73,19.14001045
03-DLIS,2,112,73,17.85301095
03-DLIS,2,113,73,11.72092147
03-DLIS,2,114,73,12.175385
03-DLIS,2,115,73,12.42779144
03-DLIS,2,116,73,12.34908904
03-DLIS,2,117,73,11.41271221
03-DLIS,2,118,73,14.50413734
03-DLIS,2,119,73,14.14284271
03-DLIS,2,120,73,12.2613213
03-DLIS,2,121,73,9.904544412
03-DLIS,2,122,73,8.544588931
03-DLIS,2,123,73,7.53923073
03-DLIS,2,124,73,5.950630219
03-DLIS,2,125,73,3.962322551
03-DLIS,2,126,73,5.869412236
03-DLIS,2,127,73,6.200806399
03-DLIS,2,128,73,6.879680225
03-DLIS,2,129,73,9.734988444
03-DLIS,2,130,73,10.68924693
03-DLIS,2,131,73,8.883692926
03-DLIS,2,132,73,13.75390854
03-DLIS,2,75,74,1.96977156
03-DLIS,2,76,74,2.707397274
03-DLIS,2,77,74,3.712142239
03-DLIS,2,78,74,6.008327554
03-DLIS,2,79,74,7.877182237
03-DLIS,2,80,74,6.54599114
03-DLIS,2,81,74,7.261542536
03-DLIS,2,82,74,8.904493248
03-DLIS,2,83,74,5.8
03-DLIS,2,84,74,5.423098745
03-DLIS,2,85,74,6.560487787
03-DLIS,2,86,74,6.926037828
03-DLIS,2,87,74,8.561541917
03-DLIS,2,88,74,10.07025322
03-DLIS,2,89,74,10.59481005
03-DLIS,2,90,74,11.92518344
03-DLIS,2,91,74,12.5399362
03-DLIS,2,92,74,14.47791421
03-DLIS,2,93,74,13.70583817
03-DLIS,2,94,74,14.54991409
03-DLIS,2,95,74,14.6931957
03-DLIS,2,96,74,16.03277892
03-DLIS,2,97,74,19.81766888
03-DLIS,2,98,74,20.37694776
03-DLIS,2,99,74,19.99049774
03-DLIS,2,100,74,18.98894415
03-DLIS,2,101,74,16.39573115
03-DLIS,2,102,74,14.96562728
03-DLIS,2,103,74,16.0449369
03-DLIS,2,104,74,16.5
03-DLIS,2,105,74,19.40335023
03-DLIS,2,106,74,16.31686244
03-DLIS,2,107,74,19.30025907
03-DLIS,2,108,74,19.71319355
03-DLIS,2,109,74,18.59300944
03-DLIS,2,110,74,21.1851363
03-DLIS,2,111,74,20.75234926
03-DLIS,2,112,74,19.46509697
03-DLIS,2,113,74,13.10038167
03-DLIS,2,114,74,13.73608387
03-DLIS,2,115,74,14.01178076
03-DLIS,2,116,74,13.94632568
03-DLIS,2,117,74,13.02497601
03-DLIS,2,118,74,16.0776242
03-DLIS,2,119,74,15.70795977
03-DLIS,2,120,74,13.76444696
03-DLIS,2,121,74,11.51086443
03-DLIS,2,122,74,10.15135459
03-DLIS,2,123,74,8.634813258
03-DLIS,2,124,74,7.009279564
03-DLIS,2,125,74,4.701063709
03-DLIS,2,126,74,7.397972695
03-DLIS,2,127,74,7.632168761
03-DLIS,2,128,74,8.490583019
03-DLIS,2,129,74,11.20044642
03-DLIS,2,130,74,12.07393888
03-DLIS,2,131,74,10.32279032
03-DLIS,2,132,74,15.30522787
03-DLIS,2,76,75,1.081665383
03-DLIS,2,77,75,1.96468827
03-DLIS,2,78,75,4.052159918
03-DLIS,2,79,75,6.007495318
03-DLIS,2,80,75,4.588027899
03-DLIS,2,81,75,5.292447449
03-DLIS,2,82,75,6.963476143
03-DLIS,2,83,75,4.049691346
03-DLIS,2,84,75,4.210700654
03-DLIS,2,85,75,4.91934955
03-DLIS,2,86,75,5.807753438
03-DLIS,2,87,75,7.256721023
03-DLIS,2,88,75,8.5
03-DLIS,2,89,75,9.355746897
03-DLIS,2,90,75,10.73545528
03-DLIS,2,91,75,10.78007421
03-DLIS,2,92,75,12.85029183
03-DLIS,2,93,75,12.17415295
03-DLIS,2,94,75,13.02689526
03-DLIS,2,95,75,13.3150291
03-DLIS,2,96,75,14.64137972
03-DLIS,2,97,75,20.05243127
03-DLIS,2,98,75,19.05203401
03-DLIS,2,99,75,18.75366631
03-DLIS,2,100,75,17.96273921
03-DLIS,2,101,75,15.35512944
03-DLIS,2,102,75,14.10567262
03-DLIS,2,103,75,15.2118375
03-DLIS,2,104,75,15.80284784
03-DLIS,2,105,75,18.88623838
03-DLIS,2,106,75,16.00124995
03-DLIS,2,107,75,18.57794391
03-DLIS,2,108,75,19.34037228
03-DLIS,2,109,75,18.6681547
03-DLIS,2,110,75,21.47207489
03-DLIS,2,111,75,21.06418762
03-DLIS,2,112,75,19.80025252
03-DLIS,2,113,75,12.44588285
03-DLIS,2,114,75,13.60588108
03-DLIS,2,115,75,14.00035714
03-DLIS,2,116,75,14.02925515
03-DLIS,2,117,75,13.34053972
03-DLIS,2,118,75,16.78362297
03-DLIS,2,119,75,16.4541788
03-DLIS,2,120,75,14.72752525
03-DLIS,2,121,75,12.02414238
03-DLIS,2,122,75,10.67754653
03-DLIS,2,123,75,7.602631123
03-DLIS,2,124,75,6.000833275
03-DLIS,2,125,75,3.50142828
03-DLIS,2,126,75,7.29451849
03-DLIS,2,127,75,7.244998275
03-DLIS,2,128,75,8.980534505
03-DLIS,2,129,75,12.26743657
03-DLIS,2,130,75,13.29135057
03-DLIS,2,131,75,11.44901743
03-DLIS,2,132,75,15.11588568
03-DLIS,2,77,76,1.004987562
03-DLIS,2,78,76,3.44818793
03-DLIS,2,79,76,5.17880295
03-DLIS,2,80,76,3.98246155
03-DLIS,2,81,76,4.770744177
03-DLIS,2,82,76,6.648308055
03-DLIS,2,83,76,4.205948169
03-DLIS,2,84,76,4.837354649
03-DLIS,2,85,76,5.166236541
03-DLIS,2,86,76,6.428063472
03-DLIS,2,87,76,7.723341246
03-DLIS,2,88,76,8.72811549
03-DLIS,2,89,76,9.832598843
03-DLIS,2,90,76,11.22853508
03-DLIS,2,91,76,10.77032961
03-DLIS,2,92,76,12.97690256
03-DLIS,2,93,76,12.39758041
03-DLIS,2,94,76,13.25179233
03-DLIS,2,95,76,13.65650028
03-DLIS,2,96,76,14.96462495
03-DLIS,2,97,76,21.05445321
03-DLIS,2,98,76,19.40541162
03-DLIS,2,99,76,19.16898537
03-DLIS,2,100,76,18.50972717
03-DLIS,2,101,76,15.90503065
03-DLIS,2,102,76,14.75737104
03-DLIS,2,103,76,15.87104281
03-DLIS,2,104,76,16.5221064
03-DLIS,2,105,76,19.66977377
03-DLIS,2,106,76,16.86564556
03-DLIS,2,107,76,19.27615107
03-DLIS,2,108,76,20.17622363
03-DLIS,2,109,76,19.63695496
03-DLIS,2,110,76,22.48288238
03-DLIS,2,111,76,22.08008152
03-DLIS,2,112,76,20.82162338
03-DLIS,2,113,76,13.20037878
03-DLIS,2,114,76,14.53444185
03-DLIS,2,115,76,14.95860956
03-DLIS,2,116,76,15.00966355
03-DLIS,2,117,76,14.36802004
03-DLIS,2,118,76,17.8549713
03-DLIS,2,119,76,17.52854814
03-DLIS,2,120,76,15.80917455
03-DLIS,2,121,76,13.08166656
03-DLIS,2,122,76,11.73882447
03-DLIS,2,123,76,8.229823813
03-DLIS,2,124,76,6.675327707
03-DLIS,2,125,76,4.177319715
03-DLIS,2,126,76,8.268010643
03-DLIS,2,127,76,8.143709229
03-DLIS,2,128,76,10.04191217
03-DLIS,2,129,76,13.3461605
03-DLIS,2,130,76,14.36001393
03-DLIS,2,131,76,12.523977
03-DLIS,2,132,76,16.0224842
03-DLIS,2,78,77,2.561249695
03-DLIS,2,79,77,4.177319715
03-DLIS,2,80,77,3.08058436
03-DLIS,2,81,77,3.905124838
03-DLIS,2,82,77,5.889821729
03-DLIS,2,83,77,3.911521443
03-DLIS,2,84,77,4.964876635
03-DLIS,2,85,77,4.909175083
03-DLIS,2,86,77,6.5
03-DLIS,2,87,77,7.610519036
03-DLIS,2,88,77,8.374365648
03-DLIS,2,89,77,9.702061637
03-DLIS,2,90,77,11.10180166
03-DLIS,2,91,77,10.19656805
03-DLIS,2,92,77,12.5
03-DLIS,2,93,77,12.00708124
03-DLIS,2,94,77,12.85768253
03-DLIS,2,95,77,13.36600165
03-DLIS,2,96,77,14.65093854
03-DLIS,2,97,77,21.56014842
03-DLIS,2,98,77,19.10497317
03-DLIS,2,99,77,18.92828571
03-DLIS,2,100,77,18.40434731
03-DLIS,2,101,77,15.8113883
03-DLIS,2,102,77,14.78005413
03-DLIS,2,103,77,15.89779859
03-DLIS,2,104,77,16.61715981
03-DLIS,2,105,77,19.83658237
03-DLIS,2,106,77,17.14934401
03-DLIS,2,107,77,19.3380454
03-DLIS,2,108,77,20.41200627
03-DLIS,2,109,77,20.08083664
03-DLIS,2,110,77,23.00543414
03-DLIS,2,111,77,22.61415486
03-DLIS,2,112,77,21.3693706
03-DLIS,2,113,77,13.35215338
03-DLIS,2,114,77,14.92179614
03-DLIS,2,115,77,15.39382993
03-DLIS,2,116,77,15.48418548
03-DLIS,2,117,77,14.94021419
03-DLIS,2,118,77,18.55397532
03-DLIS,2,119,77,18.2428068
03-DLIS,2,120,77,16.60120478
03-DLIS,2,121,77,13.73608387
03-DLIS,2,122,77,12.40846485
03-DLIS,2,123,77,8.276472679
03-DLIS,2,124,77,6.800735254
03-DLIS,2,125,77,4.38634244
03-DLIS,2,126,77,8.76184912
03-DLIS,2,127,77,8.523496935
03-DLIS,2,128,77,10.71680923
03-DLIS,2,129,77,14.17779955
03-DLIS,2,130,77,15.23154621
03-DLIS,2,131,77,13.37535046
03-DLIS,2,132,77,16.37101096
03-DLIS,2,79,78,2.247220505
03-DLIS,2,80,78,0.538516481
03-DLIS,2,81,78,1.345362405
03-DLIS,2,82,78,3.413209633
03-DLIS,2,83,78,2.860069929
03-DLIS,2,84,78,4.750789408
03-DLIS,2,85,78,3.712142239
03-DLIS,2,86,78,5.920304046
03-DLIS,2,87,78,6.462197769
03-DLIS,2,88,78,6.606814664
03-DLIS,2,89,78,8.393449827
03-DLIS,2,90,78,9.751410154
03-DLIS,2,91,78,7.937883849
03-DLIS,2,92,78,10.38123307
03-DLIS,2,93,78,10.06031809
03-DLIS,2,94,78,10.89036271
03-DLIS,2,95,78,11.60043103
03-DLIS,2,96,78,12.81912634
03-DLIS,2,97,78,21.64162656
03-DLIS,2,98,78,17.25688268
03-DLIS,2,99,78,17.20116275
03-DLIS,2,100,78,16.97056275
03-DLIS,2,101,78,14.43606595
03-DLIS,2,102,78,13.69269878
03-DLIS,2,103,78,14.80067566
03-DLIS,2,104,78,15.67322558
03-DLIS,2,105,78,19.02761152
03-DLIS,2,106,78,16.67393175
03-DLIS,2,107,78,18.27894964
03-DLIS,2,108,78,19.77093827
03-DLIS,2,109,78,20.00099998
03-DLIS,2,110,78,23.12336481
03-DLIS,2,111,78,22.76927755
03-DLIS,2,112,78,21.57614423
03-DLIS,2,113,78,12.61269202
03-DLIS,2,114,78,14.76279106
03-DLIS,2,115,78,15.35740864
03-DLIS,2,116,78,15.55634919
03-DLIS,2,117,78,15.30522787
03-DLIS,2,118,78,19.26058151
03-DLIS,2,119,78,19.00315763
03-DLIS,2,120,78,17.64766273
03-DLIS,2,121,78,14.37358689
03-DLIS,2,122,78,13.12288078
03-DLIS,2,123,78,7.479304781
03-DLIS,2,124,78,6.32534584
03-DLIS,2,125,78,4.494441011
03-DLIS,2,126,78,9.102197537
03-DLIS,2,127,78,8.570297544
03-DLIS,2,128,78,11.49478142
03-DLIS,2,129,78,15.40032467
03-DLIS,2,130,78,16.59397481
03-DLIS,2,131,78,14.6840049
03-DLIS,2,132,78,16.08011194
03-DLIS,2,80,79,1.886796226
03-DLIS,2,81,79,2.024845673
03-DLIS,2,82,79,3.712142239
03-DLIS,2,83,79,4.904079934
03-DLIS,2,84,79,6.90651866
03-DLIS,2,85,79,5.590169944
03-DLIS,2,86,79,7.920858539
03-DLIS,2,87,79,8.154140053
03-DLIS,2,88,79,7.779460136
03-DLIS,2,89,79,9.884331035
03-DLIS,2,90,79,11.16154111
03-DLIS,2,91,79,8.315046602
03-DLIS,2,92,79,10.90412766
03-DLIS,2,93,79,10.84619749
03-DLIS,2,94,79,11.6211015
03-DLIS,2,95,79,12.56025477
03-DLIS,2,96,79,13.67186893
03-DLIS,2,97,79,23.69324798
03-DLIS,2,98,79,18.01360597
03-DLIS,2,99,79,18.1
03-DLIS,2,100,79,18.16617736
03-DLIS,2,101,79,15.71909667
03-DLIS,2,102,79,15.2118375
03-DLIS,2,103,79,16.2963186
03-DLIS,2,104,79,17.2626765
03-DLIS,2,105,79,20.67075228
03-DLIS,2,106,79,18.52052915
03-DLIS,2,107,79,19.7618319
03-DLIS,2,108,79,21.50767305
03-DLIS,2,109,79,22.00022727
03-DLIS,2,110,79,25.18293073
03-DLIS,2,111,79,24.84210136
03-DLIS,2,112,79,23.66854453
03-DLIS,2,113,79,14.36697602
03-DLIS,2,114,79,16.76215977
03-DLIS,2,115,79,17.3971262
03-DLIS,2,116,79,17.63093872
03-DLIS,2,117,79,17.46138597
03-DLIS,2,118,79,21.47230775
03-DLIS,2,119,79,21.22286503
03-DLIS,2,120,79,19.89296358
03-DLIS,2,121,79,16.58463144
03-DLIS,2,122,79,15.34731247
03-DLIS,2,123,79,9.323625904
03-DLIS,2,124,79,8.348652586
03-DLIS,2,125,79,6.711929678
03-DLIS,2,126,79,11.28981842
03-DLIS,2,127,79,10.70046728
03-DLIS,2,128,79,13.72953022
03-DLIS,2,129,79,17.64596271
03-DLIS,2,130,79,18.83215336
03-DLIS,2,131,79,16.92483382
03-DLIS,2,132,79,18.01610391
03-DLIS,2,81,80,0.860232527
03-DLIS,2,82,80,2.996664813
03-DLIS,2,83,80,3.041381265
03-DLIS,2,84,80,5.021951812
03-DLIS,2,85,80,3.801315562
03-DLIS,2,86,80,6.087692502
03-DLIS,2,87,80,6.484597135
03-DLIS,2,88,80,6.449806199
03-DLIS,2,89,80,8.348652586
03-DLIS,2,90,80,9.684007435
03-DLIS,2,91,80,7.596051606
03-DLIS,2,92,80,10.08067458
03-DLIS,2,93,80,9.818350167
03-DLIS,2,94,80,10.63813893
03-DLIS,2,95,80,11.40701539
03-DLIS,2,96,80,12.6015872
03-DLIS,2,97,80,21.84971396
03-DLIS,2,98,80,17.02380686
03-DLIS,2,99,80,17.00264685
03-DLIS,2,100,80,16.85140944
03-DLIS,2,101,80,14.33910736
03-DLIS,2,102,80,13.67040599
03-DLIS,2,103,80,14.77193285
03-DLIS,2,104,80,15.67801008
03-DLIS,2,105,80,19.05465822
03-DLIS,2,106,80,16.78004768
03-DLIS,2,107,80,18.24965753
03-DLIS,2,108,80,19.83380952
03-DLIS,2,109,80,20.18043607
03-DLIS,2,110,80,23.33623791
03-DLIS,2,111,80,22.98978034
03-DLIS,2,112,80,21.80825532
03-DLIS,2,113,80,12.67635594
03-DLIS,2,114,80,14.94021419
03-DLIS,2,115,80,15.556992
03-DLIS,2,116,80,15.77624797
03-DLIS,2,117,80,15.58011553
03-DLIS,2,118,80,19.58621965
03-DLIS,2,119,80,19.33830396
03-DLIS,2,120,80,18.03136157
03-DLIS,2,121,80,14.69863939
03-DLIS,2,122,80,13.46476884
03-DLIS,2,123,80,7.571657678
03-DLIS,2,124,80,6.506919394
03-DLIS,2,125,80,4.83011387
03-DLIS,2,126,80,9.403190948
03-DLIS,2,127,80,8.823831367
03-DLIS,2,128,80,11.85326959
03-DLIS,2,129,80,15.81455026
03-DLIS,2,130,80,17.02615635
03-DLIS,2,131,80,15.11191583
03-DLIS,2,132,80,16.2265215
03-DLIS,2,82,81,2.154065923
03-DLIS,2,83,81,3.041381265
03-DLIS,2,84,81,5.099019514
03-DLIS,2,85,81,3.612478374
03-DLIS,2,86,81,5.966573556
03-DLIS,2,87,81,6.129437168
03-DLIS,2,88,81,5.846366393
03-DLIS,2,89,81,7.879086241
03-DLIS,2,90,81,9.176055798
03-DLIS,2,91,81,6.791170739
03-DLIS,2,92,81,9.305912099
03-DLIS,2,93,81,9.100549434
03-DLIS,2,94,81,9.908077513
03-DLIS,2,95,81,10.73778376
03-DLIS,2,96,81,11.90378091
03-DLIS,2,97,81,21.72763218
03-DLIS,2,98,81,16.30490724
03-DLIS,2,99,81,16.31962009
03-DLIS,2,100,81,16.25945879
03-DLIS,2,101,81,13.77860661
03-DLIS,2,102,81,13.20984481
03-DLIS,2,103,81,14.3
03-DLIS,2,104,81,15.25057376
03-DLIS,2,105,81,18.65314987
03-DLIS,2,106,81,16.5
03-DLIS,2,107,81,17.77104386
03-DLIS,2,108,81,19.4833262
03-DLIS,2,109,81,20.01224625
03-DLIS,2,110,81,23.22068044
03-DLIS,2,111,81,22.88776966
03-DLIS,2,112,81,21.7278623
03-DLIS,2,113,81,12.34220402
03-DLIS,2,114,81,14.77870089
03-DLIS,2,115,81,15.43113735
03-DLIS,2,116,81,15.68470593
03-DLIS,2,117,81,15.58717421
03-DLIS,2,118,81,19.68247952
03-DLIS,2,119,81,19.4537914
03-DLIS,2,120,81,18.24965753
03-DLIS,2,121,81,14.80304023
03-DLIS,2,122,81,13.60588108
03-DLIS,2,123,81,7.310950691
03-DLIS,2,124,81,6.403124237
03-DLIS,2,125,81,5.028916384
03-DLIS,2,126,81,9.482615673
03-DLIS,2,127,81,8.820430828
03-DLIS,2,128,81,12.03328717
03-DLIS,2,129,81,16.10465771
03-DLIS,2,130,81,17.35655496
03-DLIS,2,131,81,15.43534904
03-DLIS,2,132,81,16.01124605
03-DLIS,2,83,82,3.551056181
03-DLIS,2,84,82,5.403702434
03-DLIS,2,85,82,3.522782991
03-DLIS,2,86,82,5.692099788
03-DLIS,2,87,82,5.220153254
03-DLIS,2,88,82,4.254409477
03-DLIS,2,89,82,6.560487787
03-DLIS,2,90,82,7.717512553
03-DLIS,2,91,82,4.669047012
03-DLIS,2,92,82,7.224956747
03-DLIS,2,93,82,7.134423593
03-DLIS,2,94,82,7.9101201
03-DLIS,2,95,82,8.864536085
03-DLIS,2,96,82,9.960923652
03-DLIS,2,97,82,21.06015195
03-DLIS,2,98,82,14.30559331
03-DLIS,2,99,82,14.38923209
03-DLIS,2,100,82,14.52067492
03-DLIS,2,101,82,12.12641744
03-DLIS,2,102,82,11.79915251
03-DLIS,2,103,82,12.85029183
03-DLIS,2,104,82,13.89748179
03-DLIS,2,105,82,17.33493582
03-DLIS,2,106,82,15.48967398
03-DLIS,2,107,82,16.27912774
03-DLIS,2,108,82,18.28004376
03-DLIS,2,109,82,19.24396009
03-DLIS,2,110,82,22.56014184
03-DLIS,2,111,82,22.26229997
03-DLIS,2,112,82,21.16270304
03-DLIS,2,113,82,11.25388822
03-DLIS,2,114,82,14.08012784
03-DLIS,2,115,82,14.81215717
03-DLIS,2,116,82,15.14760707
03-DLIS,2,117,82,15.29705854
03-DLIS,2,118,82,19.57242959
03-DLIS,2,119,82,19.39407126
03-DLIS,2,120,82,18.46104006
03-DLIS,2,121,82,14.76787053
03-DLIS,2,122,82,13.6821051
03-DLIS,2,123,82,6.573431372
03-DLIS,2,124,82,6.13514466
03-DLIS,2,125,82,5.622277119
03-DLIS,2,126,82,9.507891459
03-DLIS,2,127,82,8.664871609
03-DLIS,2,128,82,12.23764683
03-DLIS,2,129,82,16.52150114
03-DLIS,2,130,82,17.86309044
03-DLIS,2,131,82,15.94521872
03-DLIS,2,132,82,15.16443207
03-DLIS,2,84,83,2.061552813
03-DLIS,2,85,83,1
03-DLIS,2,86,83,3.061045573
03-DLIS,2,87,83,3.765634077
03-DLIS,2,88,83,4.522167622
03-DLIS,2,89,83,5.821511831
03-DLIS,2,90,83,7.21734023
03-DLIS,2,91,83,6.747592163
03-DLIS,2,92,83,8.81192374
03-DLIS,2,93,83,8.193289938
03-DLIS,2,94,83,9.047651629
03-DLIS,2,95,83,9.472592042
03-DLIS,2,96,83,10.77079384
03-DLIS,2,97,83,18.80904038
03-DLIS,2,98,83,15.21906699
03-DLIS,2,99,83,15.02065245
03-DLIS,2,100,83,14.51688672
03-DLIS,2,101,83,11.93398508
03-DLIS,2,102,83,11.01135777
03-DLIS,2,103,83,12.12765435
03-DLIS,2,104,83,12.93406355
03-DLIS,2,105,83,16.24838454
03-DLIS,2,106,83,13.82316896
03-DLIS,2,107,83,15.59551217
03-DLIS,2,108,83,16.94963126
03-DLIS,2,109,83,17.14934401
03-DLIS,2,110,83,20.29507329
03-DLIS,2,111,83,19.94843352
03-DLIS,2,112,83,18.76832438
03-DLIS,2,113,83,9.798979539
03-DLIS,2,114,83,11.90965994
03-DLIS,2,115,83,12.51758763
03-DLIS,2,116,83,12.73499117
03-DLIS,2,117,83,12.56702033
03-DLIS,2,118,83,16.6412139
03-DLIS,2,119,83,16.41279988
03-DLIS,2,120,83,15.24270317
03-DLIS,2,121,83,11.76180258
03-DLIS,2,122,83,10.57024125
03-DLIS,2,123,83,4.65188134
03-DLIS,2,124,83,3.471310992
03-DLIS,2,125,83,2.102379604
03-DLIS,2,126,83,6.441273166
03-DLIS,2,127,83,5.800862005
03-DLIS,2,128,83,9.013878189
03-DLIS,2,129,83,13.15940728
03-DLIS,2,130,83,14.45337331
03-DLIS,2,131,83,12.52996409
03-DLIS,2,132,83,13.22006051
03-DLIS,2,85,84,1.910497317
03-DLIS,2,86,84,1.6
03-DLIS,2,87,84,3.138470965
03-DLIS,2,88,84,4.810405388
03-DLIS,2,89,84,5.192301994
03-DLIS,2,90,84,6.551335742
03-DLIS,2,91,84,7.602631123
03-DLIS,2,92,84,9.219544457
03-DLIS,2,93,84,8.348652586
03-DLIS,2,94,84,9.180958556
03-DLIS,2,95,84,9.270382948
03-DLIS,2,96,84,10.61037228
03-DLIS,2,97,84,16.91774217
03-DLIS,2,98,84,14.96028075
03-DLIS,2,99,84,14.60308187
03-DLIS,2,100,84,13.75245433
03-DLIS,2,101,84,11.14495402
03-DLIS,2,102,84,9.924716621
03-DLIS,2,103,84,11.03675677
03-DLIS,2,104,84,11.69016681
03-DLIS,2,105,84,14.87615542
03-DLIS,2,106,84,12.2102416
03-DLIS,2,107,84,14.4391828
03-DLIS,2,108,84,15.45056633
03-DLIS,2,109,84,15.32220611
03-DLIS,2,110,84,18.3934771
03-DLIS,2,111,84,18.03247071
03-DLIS,2,112,84,16.83151805
03-DLIS,2,113,84,8.393449827
03-DLIS,2,114,84,10.10198
03-DLIS,2,115,84,10.65269919
03-DLIS,2,116,84,10.82450923
03-DLIS,2,117,84,10.56030303
03-DLIS,2,118,84,14.58903698
03-DLIS,2,119,84,14.35583505
03-DLIS,2,120,84,13.18976876
03-DLIS,2,121,84,9.706183596
03-DLIS,2,122,84,8.508818954
03-DLIS,2,123,84,3.40147027
03-DLIS,2,124,84,1.843908891
03-DLIS,2,125,84,0.728010989
03-DLIS,2,126,84,4.39089968
03-DLIS,2,127,84,3.820994635
03-DLIS,2,128,84,6.957010852
03-DLIS,2,129,84,11.14629983
03-DLIS,2,130,84,12.46795893
03-DLIS,2,131,84,10.54751155
03-DLIS,2,132,84,11.49086594
03-DLIS,2,86,85,2.360084744
03-DLIS,2,87,85,2.789265136
03-DLIS,2,88,85,3.584689666
03-DLIS,2,89,85,4.825971405
03-DLIS,2,90,85,6.220128616
03-DLIS,2,91,85,6.010823571
03-DLIS,2,92,85,7.940403012
03-DLIS,2,93,85,7.261542536
03-DLIS,2,94,85,8.115417426
03-DLIS,2,95,85,8.492938243
03-DLIS,2,96,85,9.798469268
03-DLIS,2,97,85,18.11573901
03-DLIS,2,98,85,14.24148869
03-DLIS,2,99,85,14.02925515
03-DLIS,2,100,85,13.51813597
03-DLIS,2,101,85,10.93709285
03-DLIS,2,102,85,10.04241007
03-DLIS,2,103,85,11.15706054
03-DLIS,2,104,85,11.98707637
03-DLIS,2,105,85,15.32351135
03-DLIS,2,106,85,12.97998459
03-DLIS,2,107,85,14.62942241
03-DLIS,2,108,85,16.05895389
03-DLIS,2,109,85,16.41036258
03-DLIS,2,110,85,19.60841656
03-DLIS,2,111,85,19.27537289
03-DLIS,2,112,85,18.11767093
03-DLIS,2,113,85,8.90056178
03-DLIS,2,114,85,11.17318218
03-DLIS,2,115,85,11.81905242
03-DLIS,2,116,85,12.07393888
03-DLIS,2,117,85,12.02206305
03-DLIS,2,118,85,16.19660458
03-DLIS,2,119,85,15.99312352
03-DLIS,2,120,85,14.96462495
03-DLIS,2,121,85,11.34636506
03-DLIS,2,122,85,10.21420579
03-DLIS,2,123,85,3.773592453
03-DLIS,2,124,85,2.801785145
03-DLIS,2,125,85,2.284731932
03-DLIS,2,126,85,6.040695324
03-DLIS,2,127,85,5.277309921
03-DLIS,2,128,85,8.732124598
03-DLIS,2,129,85,12.9988461
03-DLIS,2,130,85,14.34224529
03-DLIS,2,131,85,12.42577965
03-DLIS,2,132,85,12.43261839
03-DLIS,2,87,86,1.769180601
03-DLIS,2,88,86,3.807886553
03-DLIS,2,89,86,3.676955262
03-DLIS,2,90,86,5
03-DLIS,2,91,86,6.802940541
03-DLIS,2,92,86,8.072174428
03-DLIS,2,93,86,7.083784299
03-DLIS,2,94,86,7.887331615
03-DLIS,2,95,86,7.829431652
03-DLIS,2,96,86,9.170605214
03-DLIS,2,97,86,15.77244433
03-DLIS,2,98,86,13.46291202
03-DLIS,2,99,86,13.06483831
03-DLIS,2,100,86,12.15935854
03-DLIS,2,101,86,9.552486587
03-DLIS,2,102,86,8.329465769
03-DLIS,2,103,86,9.442986816
03-DLIS,2,104,86,10.12027668
03-DLIS,2,105,86,13.3454112
03-DLIS,2,106,86,10.79120012
03-DLIS,2,107,86,12.85651586
03-DLIS,2,108,86,13.97139936
03-DLIS,2,109,86,14.09290602
03-DLIS,2,110,86,17.2626765
03-DLIS,2,111,86,16.92483382
03-DLIS,2,112,86,15.76134512
03-DLIS,2,113,86,6.862215386
03-DLIS,2,114,86,8.852683209
03-DLIS,2,115,86,9.476286192
03-DLIS,2,116,86,9.718538985
03-DLIS,2,117,86,9.674709298
03-DLIS,2,118,86,13.89244399
03-DLIS,2,119,86,13.70583817
03-DLIS,2,120,86,12.8082005
03-DLIS,2,121,86,9.075791976
03-DLIS,2,122,86,8.004998438
03-DLIS,2,123,86,1.802775638
03-DLIS,2,124,86,0.447213595
03-DLIS,2,125,86,2.308679276
03-DLIS,2,126,86,3.847076812
03-DLIS,2,127,86,2.973213749
03-DLIS,2,128,86,6.62721661
03-DLIS,2,129,86,11.00181803
03-DLIS,2,130,86,12.4036285
03-DLIS,2,131,86,10.51712889
03-DLIS,2,132,86,10.16070864
03-DLIS,2,88,87,2.184032967
03-DLIS,2,89,87,2.109502311
03-DLIS,2,90,87,3.505709629
03-DLIS,2,91,87,5.220153254
03-DLIS,2,92,87,6.312685641
03-DLIS,2,93,87,5.315072906
03-DLIS,2,94,87,6.122091146
03-DLIS,2,95,87,6.132699243
03-DLIS,2,96,87,7.473285757
03-DLIS,2,97,87,15.84045454
03-DLIS,2,98,87,11.82708755
03-DLIS,2,99,87,11.49782588
03-DLIS,2,100,87,10.8
03-DLIS,2,101,87,8.202438662
03-DLIS,2,102,87,7.253275122
03-DLIS,2,103,87,8.367795409
03-DLIS,2,104,87,9.211405973
03-DLIS,2,105,87,12.57179383
03-DLIS,2,106,87,10.38556691
03-DLIS,2,107,87,11.84060809
03-DLIS,2,108,87,13.36001497
03-DLIS,2,109,87,14.03566885
03-DLIS,2,110,87,17.34041522
03-DLIS,2,111,87,17.04230031
03-DLIS,2,112,87,15.94772711
03-DLIS,2,113,87,6.212889827
03-DLIS,2,114,87,8.860022573
03-DLIS,2,115,87,9.596353474
03-DLIS,2,116,87,9.947864092
03-DLIS,2,117,87,10.21812116
03-DLIS,2,118,87,14.58800877
03-DLIS,2,119,87,14.4554488
03-DLIS,2,120,87,13.83618445
03-DLIS,2,121,87,9.92975327
03-DLIS,2,122,87,9.013878189
03-DLIS,2,123,87,1.392838828
03-DLIS,2,124,87,1.941648784
03-DLIS,2,125,87,3.862641583
03-DLIS,2,126,87,5.048762225
03-DLIS,2,127,87,4.011234224
03-DLIS,2,128,87,7.831347266
03-DLIS,2,129,87,12.24948979
03-DLIS,2,130,87,13.69379421
03-DLIS,2,131,87,11.85326959
03-DLIS,2,132,87,9.972462083
03-DLIS,2,89,88,2.420743687
03-DLIS,2,90,88,3.466987165
03-DLIS,2,91,88,3.03644529
03-DLIS,2,92,88,4.420407221
03-DLIS,2,93,88,3.676955262
03-DLIS,2,94,88,4.531004304
03-DLIS,2,95,88,5.015974482
03-DLIS,2,96,88,6.280127387
03-DLIS,2,97,88,17.23629891
03-DLIS,2,98,88,10.73545528
03-DLIS,2,99,88,10.6117859
03-DLIS,2,100,88,10.41393297
03-DLIS,2,101,88,7.940403012
03-DLIS,2,102,88,7.547184906
03-DLIS,2,103,88,8.595929269
03-DLIS,2,104,88,9.65194281
03-DLIS,2,105,88,13.09198228
03-DLIS,2,106,88,11.41095964
03-DLIS,2,107,88,12.03037822
03-DLIS,2,108,88,14.07195793
03-DLIS,2,109,88,15.33786165
03-DLIS,2,110,88,18.73018953
03-DLIS,2,111,88,18.47078775
03-DLIS,2,112,88,17.44706279
03-DLIS,2,113,88,7.170076708
03-DLIS,2,114,88,10.33102125
03-DLIS,2,115,88,11.14001795
03-DLIS,2,116,88,11.56935608
03-DLIS,2,117,88,12.05404496
03-DLIS,2,118,88,16.47604321
03-DLIS,2,119,88,16.37711818
03-DLIS,2,120,88,15.90503065
03-DLIS,2,121,88,11.94194289
03-DLIS,2,122,88,11.10045044
03-DLIS,2,123,88,3.40147027
03-DLIS,2,124,88,4.071854614
03-DLIS,2,125,88,5.467174773
03-DLIS,2,126,88,7.218032973
03-DLIS,2,127,88,6.166036004
03-DLIS,2,128,88,9.984988733
03-DLIS,2,129,88,14.40069443
03-DLIS,2,130,88,15.8533908
03-DLIS,2,131,88,14.02462121
03-DLIS,2,132,88,11.23298714
03-DLIS,2,90,89,1.4
03-DLIS,2,91,89,4.837354649
03-DLIS,2,92,89,5.015974482
03-DLIS,2,93,89,3.807886553
03-DLIS,2,94,89,4.5
03-DLIS,2,95,89,4.188078318
03-DLIS,2,96,89,5.522680509
03-DLIS,2,97,89,14.83543056
03-DLIS,2,98,89,9.786214794
03-DLIS,2,99,89,9.411163584
03-DLIS,2,100,89,8.702298547
03-DLIS,2,101,89,6.113100686
03-DLIS,2,102,89,5.331041174
03-DLIS,2,103,89,6.425729531
03-DLIS,2,104,89,7.38241153
03-DLIS,2,105,89,10.80462864
03-DLIS,2,106,89,8.993886813
03-DLIS,2,107,89,9.902019996
03-DLIS,2,108,89,11.72006826
03-DLIS,2,109,89,12.9247824
03-DLIS,2,110,89,16.32666531
03-DLIS,2,111,89,16.07513608
03-DLIS,2,112,89,15.07116452
03-DLIS,2,113,89,4.750789408
03-DLIS,2,114,89,7.97057087
03-DLIS,2,115,89,8.802272434
03-DLIS,2,116,89,9.265527508
03-DLIS,2,117,89,9.899494937
03-DLIS,2,118,89,14.34015342
03-DLIS,2,119,89,14.27900557
03-DLIS,2,120,89,14.0431478
03-DLIS,2,121,89,10.0124922
03-DLIS,2,122,89,9.338094024
03-DLIS,2,123,89,2.19317122
03-DLIS,2,124,89,3.67151195
03-DLIS,2,125,89,5.920304046
03-DLIS,2,126,89,5.905929224
03-DLIS,2,127,89,4.837354649
03-DLIS,2,128,89,8.47584804
03-DLIS,2,129,89,12.80624847
03-DLIS,2,130,89,14.28740704
03-DLIS,2,131,89,12.55428214
03-DLIS,2,132,89,8.820430828
03-DLIS,2,91,90,5.2
03-DLIS,2,92,90,4.638965402
03-DLIS,2,93,90,3.337663854
03-DLIS,2,94,90,3.827531842
03-DLIS,2,95,90,3.1144823
03-DLIS,2,96,90,4.393176527
03-DLIS,2,97,90,14.17921013
03-DLIS,2,98,90,8.5
03-DLIS,2,99,90,8.065358021
03-DLIS,2,100,90,7.302739212
03-DLIS,2,101,90,4.716990566
03-DLIS,2,102,90,4.081666326
03-DLIS,2,103,90,5.142956348
03-DLIS,2,104,90,6.185466838
03-DLIS,2,105,90,9.626006441
03-DLIS,2,106,90,8.127115109
03-DLIS,2,107,90,8.600581376
03-DLIS,2,108,90,10.63014581
03-DLIS,2,109,90,12.21187946
03-DLIS,2,110,90,15.65247584
03-DLIS,2,111,90,15.43534904
03-DLIS,2,112,90,14.50310312
03-DLIS,2,113,90,3.981205847
03-DLIS,2,114,90,7.518643495
03-DLIS,2,115,90,8.395236745
03-DLIS,2,116,90,8.926925563
03-DLIS,2,117,90,9.8
03-DLIS,2,118,90,14.2126704
03-DLIS,2,119,90,14.20035211
03-DLIS,2,120,90,14.22146265
03-DLIS,2,121,90,10.17889974
03-DLIS,2,122,90,9.676776323
03-DLIS,2,123,90,3.354101966
03-DLIS,2,124,90,4.939635614
03-DLIS,2,125,90,7.278049189
03-DLIS,2,126,90,6.684309987
03-DLIS,2,127,90,5.663920903
03-DLIS,2,128,90,9.035485598
03-DLIS,2,129,90,13.22573249
03-DLIS,2,130,90,14.7122398
03-DLIS,2,131,90,13.0678996
03-DLIS,2,132,90,8.143709229
03-DLIS,2,92,91,2.607680962
03-DLIS,2,93,91,2.915475947
03-DLIS,2,94,91,3.511409973
03-DLIS,2,95,91,4.802082881
03-DLIS,2,96,91,5.630275304
03-DLIS,2,97,91,19.37446773
03-DLIS,2,98,91,9.773944956
03-DLIS,2,99,91,9.992497185
03-DLIS,2,100,91,10.55888252
03-DLIS,2,101,91,8.481155582
03-DLIS,2,102,91,8.823831367
03-DLIS,2,103,91,9.69381246
03-DLIS,2,104,91,10.92245394
03-DLIS,2,105,91,14.28635713
03-DLIS,2,106,91,13.25933633
03-DLIS,2,107,91,12.85496013
03-DLIS,2,108,91,15.46738504
03-DLIS,2,109,91,17.39683879
03-DLIS,2,110,91,20.84322432
03-DLIS,2,111,91,20.6322563
03-DLIS,2,112,91,19.70228413
03-DLIS,2,113,91,9.178779875
03-DLIS,2,114,91,12.68266534
03-DLIS,2,115,91,13.54400236
03-DLIS,2,116,91,14.0431478
03-DLIS,2,117,91,14.73634962
03-DLIS,2,118,91,19.17706964
03-DLIS,2,119,91,19.11570035
03-DLIS,2,120,91,18.80664776
03-DLIS,2,121,91,14.80033783
03-DLIS,2,122,91,14.03566885
03-DLIS,2,123,91,6.378871374
03-DLIS,2,124,91,7.09365914
03-DLIS,2,125,91,8.183520025
03-DLIS,2,126,91,10.23914059
03-DLIS,2,127,91,9.178235124
03-DLIS,2,128,91,12.98768648
03-DLIS,2,129,91,17.39540169
03-DLIS,2,130,91,18.85656384
03-DLIS,2,131,91,17.0425937
03-DLIS,2,132,91,13.34166406
03-DLIS,2,93,92,1.303840481
03-DLIS,2,94,92,1.220655562
03-DLIS,2,95,92,2.745906044
03-DLIS,2,96,92,3.190611227
03-DLIS,2,97,92,18.24856159
03-DLIS,2,98,92,7.170076708
03-DLIS,2,99,92,7.433034374
03-DLIS,2,100,92,8.241965785
03-DLIS,2,101,92,6.466065264
03-DLIS,2,102,92,7.300684899
03-DLIS,2,103,92,7.975587753
03-DLIS,2,104,92,9.266067127
03-DLIS,2,105,92,12.46194206
03-DLIS,2,106,92,11.98707637
03-DLIS,2,107,92,10.83005078
03-DLIS,2,108,92,13.75936045
03-DLIS,2,109,92,16.22251522
03-DLIS,2,110,92,19.67028215
03-DLIS,2,111,92,19.51332878
03-DLIS,2,112,92,18.70026738
03-DLIS,2,113,92,8.273451517
03-DLIS,2,114,92,11.96035117
03-DLIS,2,115,92,12.85612694
03-DLIS,2,116,92,13.43018987
03-DLIS,2,117,92,14.41249458
03-DLIS,2,118,92,18.8
03-DLIS,2,119,92,18.80664776
03-DLIS,2,120,92,18.85656384
03-DLIS,2,121,92,14.81249473
03-DLIS,2,122,92,14.26183719
03-DLIS,2,123,92,7.083078427
03-DLIS,2,124,92,8.246211251
03-DLIS,2,125,92,9.885848471
03-DLIS,2,126,92,10.91237829
03-DLIS,2,127,92,9.838699101
03-DLIS,2,128,92,13.48332303
03-DLIS,2,129,92,17.77751389
03-DLIS,2,130,92,19.26265818
03-DLIS,2,131,92,17.55704987
03-DLIS,2,132,92,12.32233744
03-DLIS,2,94,93,0.854400375
03-DLIS,2,95,93,1.886796226
03-DLIS,2,96,93,2.828427125
03-DLIS,2,97,93,17.04611393
03-DLIS,2,98,93,7.20624729
03-DLIS,2,99,93,7.256031973
03-DLIS,2,100,93,7.647875522
03-DLIS,2,101,93,5.597320788
03-DLIS,2,102,93,6.177378085
03-DLIS,2,103,93,6.94046108
03-DLIS,2,104,93,8.209750301
03-DLIS,2,105,93,11.49782588
03-DLIS,2,106,93,10.8078675
03-DLIS,2,107,93,9.982484661
03-DLIS,2,108,93,12.74127152
03-DLIS,2,109,93,15.02830662
03-DLIS,2,110,93,18.48080085
03-DLIS,2,111,93,18.3109257
03-DLIS,2,112,93,17.47226373
03-DLIS,2,113,93,7.003570518
03-DLIS,2,114,93,10.67941946
03-DLIS,2,115,93,11.57324501
03-DLIS,2,116,93,12.14125199
03-DLIS,2,117,93,13.10953851
03-DLIS,2,118,93,17.50028571
03-DLIS,2,119,93,17.50457083
03-DLIS,2,120,93,17.55818897
03-DLIS,2,121,93,13.51480669
03-DLIS,2,122,93,12.98075499
03-DLIS,2,123,93,5.940538696
03-DLIS,2,124,93,7.212489168
03-DLIS,2,125,93,9.042676595
03-DLIS,2,126,93,9.712878049
03-DLIS,2,127,93,8.645229899
03-DLIS,2,128,93,12.23846396
03-DLIS,2,129,93,16.50757402
03-DLIS,2,130,93,17.99360998
03-DLIS,2,131,93,16.30490724
03-DLIS,2,132,93,11.08602724
03-DLIS,2,95,94,1.526433752
03-DLIS,2,96,94,2.11896201
03-DLIS,2,97,94,17.08800749
03-DLIS,2,98,94,6.4
03-DLIS,2,99,94,6.511528238
03-DLIS,2,100,94,7.102112362
03-DLIS,2,101,94,5.249761899
03-DLIS,2,102,94,6.109828148
03-DLIS,2,103,94,6.760177512
03-DLIS,2,104,94,8.05294977
03-DLIS,2,105,94,11.24144119
03-DLIS,2,106,94,10.81572929
03-DLIS,2,107,94,9.620810777
03-DLIS,2,108,94,12.5399362
03-DLIS,2,109,94,15.05722418
03-DLIS,2,110,94,18.5
03-DLIS,2,111,94,18.3521116
03-DLIS,2,112,94,17.56160585
03-DLIS,2,113,94,7.211102551
03-DLIS,2,114,94,10.91146186
03-DLIS,2,115,94,11.81058847
03-DLIS,2,116,94,12.4016128
03-DLIS,2,117,94,13.46291202
03-DLIS,2,118,94,17.81375873
03-DLIS,2,119,94,17.84040358
03-DLIS,2,120,94,18.0055547
03-DLIS,2,121,94,13.97139936
03-DLIS,2,122,94,13.50296264
03-DLIS,2,123,94,6.670832032
03-DLIS,2,124,94,7.99812478
03-DLIS,2,125,94,9.879271228
03-DLIS,2,126,94,10.37737925
03-DLIS,2,127,94,9.31933474
03-DLIS,2,128,94,12.83783471
03-DLIS,2,129,94,17.0531522
03-DLIS,2,130,94,18.53968716
03-DLIS,2,131,94,16.88608895
03-DLIS,2,132,94,11.19866063
03-DLIS,2,96,95,1.341640786
03-DLIS,2,97,95,15.62081944
03-DLIS,2,98,95,5.748912941
03-DLIS,2,99,95,5.600892786
03-DLIS,2,100,95,5.769748695
03-DLIS,2,101,95,3.748332963
03-DLIS,2,102,95,4.617358552
03-DLIS,2,103,95,5.235456045
03-DLIS,2,104,95,6.529931087
03-DLIS,2,105,95,9.720082304
03-DLIS,2,106,95,9.340770846
03-DLIS,2,107,95,8.132035416
03-DLIS,2,108,95,11.01362792
03-DLIS,2,109,95,13.5856542
03-DLIS,2,110,95,17.02057578
03-DLIS,2,111,95,16.88342382
03-DLIS,2,112,95,16.12079403
03-DLIS,2,113,95,5.913543777
03-DLIS,2,114,95,9.604686356
03-DLIS,2,115,95,10.50428484
03-DLIS,2,116,95,11.11620439
03-DLIS,2,117,95,12.28087945
03-DLIS,2,118,95,16.56804153
03-DLIS,2,119,95,16.62077014
03-DLIS,2,120,95,16.93664666
03-DLIS,2,121,95,12.93406355
03-DLIS,2,122,95,12.58014308
03-DLIS,2,123,95,6.360031446
03-DLIS,2,124,95,7.854934755
03-DLIS,2,125,95,9.992497185
03-DLIS,2,126,95,9.79489663
03-DLIS,2,127,95,8.778382539
03-DLIS,2,128,95,12.07393888
03-DLIS,2,129,95,16.15487543
03-DLIS,2,130,95,17.63660965
03-DLIS,2,131,95,16.05895389
03-DLIS,2,132,95,9.786725704
03-DLIS,2,97,96,15.94772711
03-DLIS,2,98,96,4.455333882
03-DLIS,2,99,96,4.428317965
03-DLIS,2,100,96,5.060632372
03-DLIS,2,101,96,3.584689666
03-DLIS,2,102,96,5.003998401
03-DLIS,2,103,96,5.360037313
03-DLIS,2,104,96,6.648308055
03-DLIS,2,105,96,9.577055915
03-DLIS,2,106,96,9.687620967
03-DLIS,2,107,96,7.800640999
03-DLIS,2,108,96,10.95901455
03-DLIS,2,109,96,13.90863041
03-DLIS,2,110,96,17.30028901
03-DLIS,2,111,96,17.2002907
03-DLIS,2,112,96,16.52150114
03-DLIS,2,113,96,6.694027188
03-DLIS,2,114,96,10.30970417
03-DLIS,2,115,96,11.20089282
03-DLIS,2,116,96,11.83765179
03-DLIS,2,117,96,13.12173769
03-DLIS,2,118,96,17.31184566
03-DLIS,2,119,96,17.39683879
03-DLIS,2,120,96,17.86756839
03-DLIS,2,121,96,13.90863041
03-DLIS,2,122,96,13.64184738
03-DLIS,2,123,96,7.684399781
03-DLIS,2,124,96,9.192388155
03-DLIS,2,125,96,11.33181362
03-DLIS,2,126,96,11.0390217
03-DLIS,2,127,96,10.04091629
03-DLIS,2,128,96,13.23102415
03-DLIS,2,129,96,17.21917536
03-DLIS,2,130,96,18.69358179
03-DLIS,2,131,96,17.16770223
03-DLIS,2,132,96,10.30048543
03-DLIS,2,98,97,16.47786394
03-DLIS,2,99,97,15.28397854
03-DLIS,2,100,97,12.65701387
03-DLIS,2,101,97,12.47878199
03-DLIS,2,102,97,11.01135777
03-DLIS,2,103,97,10.60660172
03-DLIS,2,104,97,9.353608929
03-DLIS,2,105,97,7.518643495
03-DLIS,2,106,97,6.28171951
03-DLIS,2,107,97,9.570788891
03-DLIS,2,108,97,6.103277808
03-DLIS,2,109,97,2.039607805
03-DLIS,2,110,97,1.5
03-DLIS,2,111,97,1.264911064
03-DLIS,2,112,97,1.063014581
03-DLIS,2,113,97,10.19803903
03-DLIS,2,114,97,6.98140387
03-DLIS,2,115,97,6.296824597
03-DLIS,2,116,97,6.095900262
03-DLIS,2,117,97,6.79779376
03-DLIS,2,118,97,5.675385449
03-DLIS,2,119,97,6.16116872
03-DLIS,2,120,97,8.683317338
03-DLIS,2,121,97,8.47584804
03-DLIS,2,122,97,9.786214794
03-DLIS,2,123,97,14.50861813
03-DLIS,2,124,97,15.34568343
03-DLIS,2,125,97,17.31126801
03-DLIS,2,126,97,12.80039062
03-DLIS,2,127,97,13.11373326
03-DLIS,2,128,97,11.36353818
03-DLIS,2,129,97,10.70747403
03-DLIS,2,130,97,11.24455424
03-DLIS,2,131,97,11.53516363
03-DLIS,2,132,97,6.037383539
03-DLIS,2,99,98,1.2
03-DLIS,2,100,98,3.820994635
03-DLIS,2,101,98,5
03-DLIS,2,102,98,7.080254233
03-DLIS,2,103,98,6.664833081
03-DLIS,2,104,98,7.561084578
03-DLIS,2,105,98,9.102197537
03-DLIS,2,106,98,10.75639345
03-DLIS,2,107,98,7.00285656
03-DLIS,2,108,98,10.60424443
03-DLIS,2,109,98,14.53822548
03-DLIS,2,110,98,17.61391495
03-DLIS,2,111,98,17.64086166
03-DLIS,2,112,98,17.26759972
03-DLIS,2,113,98,9.372299611
03-DLIS,2,114,98,12.39435355
03-DLIS,2,115,98,13.19280107
03-DLIS,2,116,98,13.86362146
03-DLIS,2,117,98,15.45477273
03-DLIS,2,118,98,19.1637679
03-DLIS,2,119,98,19.35458602
03-DLIS,2,120,98,20.34207462
03-DLIS,2,121,98,16.64692164
03-DLIS,2,122,98,16.68322511
03-DLIS,2,123,98,11.85326959
03-DLIS,2,124,98,13.43316791
03-DLIS,2,125,98,15.68693724
03-DLIS,2,126,98,14.80033783
03-DLIS,2,127,98,13.89568278
03-DLIS,2,128,98,16.61836334
03-DLIS,2,129,98,20.18142711
03-DLIS,2,130,98,21.60092591
03-DLIS,2,131,98,20.29433418
03-DLIS,2,132,98,11.81058847
03-DLIS,2,100,99,2.630589288
03-DLIS,2,101,99,4.103656906
03-DLIS,2,102,99,6.155485359
03-DLIS,2,103,99,5.630275304
03-DLIS,2,104,99,6.447480128
03-DLIS,2,105,99,7.90253124
03-DLIS,2,106,99,9.613532129
03-DLIS,2,107,99,5.803447251
03-DLIS,2,108,99,9.404786016
03-DLIS,2,109,99,13.35065541
03-DLIS,2,110,99,16.41493223
03-DLIS,2,111,99,16.44384383
03-DLIS,2,112,99,16.08011194
03-DLIS,2,113,99,8.485281374
03-DLIS,2,114,99,11.35341358
03-DLIS,2,115,99,12.13136431
03-DLIS,2,116,99,12.8015624
03-DLIS,2,117,99,14.42671134
03-DLIS,2,118,99,18.05463929
03-DLIS,2,119,99,18.25705343
03-DLIS,2,120,99,19.31320792
03-DLIS,2,121,99,15.68183663
03-DLIS,2,122,99,15.78131807
03-DLIS,2,123,99,11.38859078
03-DLIS,2,124,99,12.99730741
03-DLIS,2,125,99,15.33101432
03-DLIS,2,126,99,14.11984419
03-DLIS,2,127,99,13.25933633
03-DLIS,2,128,99,15.80411339
03-DLIS,2,129,99,19.24396009
03-DLIS,2,130,99,20.64654935
03-DLIS,2,131,99,19.39329781
03-DLIS,2,132,99,10.701869
03-DLIS,2,101,100,2.607680962
03-DLIS,2,102,100,4.248529157
03-DLIS,2,103,100,3.420526275
03-DLIS,2,104,100,3.966106403
03-DLIS,2,105,100,5.333854141
03-DLIS,2,106,100,7.038465742
03-DLIS,2,107,100,3.255764119
03-DLIS,2,108,100,6.835934464
03-DLIS,2,109,100,10.72007463
03-DLIS,2,110,100,13.80326048
03-DLIS,2,111,100,13.82316896
03-DLIS,2,112,100,13.44953531
03-DLIS,2,113,100,6.551335742
03-DLIS,2,114,100,8.981091248
03-DLIS,2,115,100,9.708243919
03-DLIS,2,116,100,10.37304198
03-DLIS,2,117,100,12.06026534
03-DLIS,2,118,100,15.52063143
03-DLIS,2,119,100,15.74293492
03-DLIS,2,120,100,16.92572007
03-DLIS,2,121,100,13.44172608
03-DLIS,2,122,100,13.67808466
03-DLIS,2,123,100,10.38171469
03-DLIS,2,124,100,12.00708124
03-DLIS,2,125,100,14.46789549
03-DLIS,2,126,100,12.5399362
03-DLIS,2,127,100,11.79872875
03-DLIS,2,128,100,13.89568278
03-DLIS,2,129,100,17.0425937
03-DLIS,2,130,100,18.40434731
03-DLIS,2,131,100,17.26788927
03-DLIS,2,132,100,8.188406438
03-DLIS,2,102,101,2.080865205
03-DLIS,2,103,101,1.902629759
03-DLIS,2,104,101,3.125699922
03-DLIS,2,105,101,6.020797289
03-DLIS,2,106,101,6.300793601
03-DLIS,2,107,101,4.38634244
03-DLIS,2,108,101,7.379024326
03-DLIS,2,109,101,10.44796631
03-DLIS,2,110,101,13.79311422
03-DLIS,2,111,101,13.71860051
03-DLIS,2,112,101,13.11373326
03-DLIS,2,113,101,4.38634244
03-DLIS,2,114,101,7.48465096
03-DLIS,2,115,101,8.321658489
03-DLIS,2,116,101,8.988882022
03-DLIS,2,117,101,10.50951949
03-DLIS,2,118,101,14.39618005
03-DLIS,2,119,101,14.54647724
03-DLIS,2,120,101,15.38830725
03-DLIS,2,121,101,11.6498927
03-DLIS,2,122,101,11.69316039
03-DLIS,2,123,101,7.778174593
03-DLIS,2,124,101,9.404786016
03-DLIS,2,125,101,11.86086
03-DLIS,2,126,101,10.11187421
03-DLIS,2,127,101,9.310746479
03-DLIS,2,128,101,11.7034183
03-DLIS,2,129,101,15.18189711
03-DLIS,2,130,101,16.60120478
03-DLIS,2,131,101,15.30555455
03-DLIS,2,132,101,7.119691005
03-DLIS,2,103,102,1.118033989
03-DLIS,2,104,102,2.126029163
03-DLIS,2,105,102,5.56057551
03-DLIS,2,106,102,4.729693436
03-DLIS,2,107,102,4.588027899
03-DLIS,2,108,102,6.652818951
03-DLIS,2,109,102,8.973850901
03-DLIS,2,110,102,12.4040316
03-DLIS,2,111,102,12.27232659
03-DLIS,2,112,102,11.54123044
03-DLIS,2,113,102,2.343074903
03-DLIS,2,114,102,5.470831747
03-DLIS,2,115,102,6.33245608
03-DLIS,2,116,102,6.992138443
03-DLIS,2,117,102,8.458132182
03-DLIS,2,118,102,12.44266852
03-DLIS,2,119,102,12.5686117
03-DLIS,2,120,102,13.32704018
03-DLIS,2,121,102,9.569221494
03-DLIS,2,122,102,9.626006441
03-DLIS,2,123,102,6.527633568
03-DLIS,2,124,102,8.105553652
03-DLIS,2,125,102,10.6117859
03-DLIS,2,126,102,8.300602388
03-DLIS,2,127,102,7.596051606
03-DLIS,2,128,102,9.70051545
03-DLIS,2,129,102,13.10343466
03-DLIS,2,130,102,14.52067492
03-DLIS,2,131,102,13.23820229
03-DLIS,2,132,102,5.300943312
03-DLIS,2,104,103,1.3
03-DLIS,2,105,103,4.596737974
03-DLIS,2,106,103,4.4
03-DLIS,2,107,103,3.478505426
03-DLIS,2,108,103,5.800862005
03-DLIS,2,109,103,8.570880935
03-DLIS,2,110,103,11.94361754
03-DLIS,2,111,103,11.85326959
03-DLIS,2,112,103,11.22185368
03-DLIS,2,113,103,3.178049716
03-DLIS,2,114,103,5.730619513
03-DLIS,2,115,103,6.530696747
03-DLIS,2,116,103,7.201388755
03-DLIS,2,117,103,8.798295289
03-DLIS,2,118,103,12.55428214
03-DLIS,2,119,103,12.72242115
03-DLIS,2,120,103,13.68575902
03-DLIS,2,121,103,10.07670581
03-DLIS,2,122,103,10.26498904
03-DLIS,2,123,103,7.64198927
03-DLIS,2,124,103,9.213576938
03-DLIS,2,125,103,11.72092147
03-DLIS,2,126,103,9.265527508
03-DLIS,2,127,103,8.612200648
03-DLIS,2,128,103,10.48475083
03-DLIS,2,129,103,13.66199107
03-DLIS,2,130,103,15.04460036
03-DLIS,2,131,103,13.86217876
03-DLIS,2,132,103,5.239274759
03-DLIS,2,105,104,3.440930107
03-DLIS,2,106,104,3.238826948
03-DLIS,2,107,104,2.801785145
03-DLIS,2,108,104,4.545327271
03-DLIS,2,109,104,7.324616031
03-DLIS,2,110,104,10.67052014
03-DLIS,2,111,104,10.59292217
03-DLIS,2,112,104,10.0019998
03-DLIS,2,113,104,3.40147027
03-DLIS,2,114,104,5.032891813
03-DLIS,2,115,104,5.742821606
03-DLIS,2,116,104,6.407027392
03-DLIS,2,117,104,8.105553652
03-DLIS,2,118,104,11.60775603
03-DLIS,2,119,104,11.81058847
03-DLIS,2,120,104,12.96186715
03-DLIS,2,121,104,9.552486587
03-DLIS,2,122,104,9.904544412
03-DLIS,2,123,104,8.343260753
03-DLIS,2,124,104,9.847842403
03-DLIS,2,125,104,12.34706443
03-DLIS,2,126,104,9.45409964
03-DLIS,2,127,104,8.927485648
03-DLIS,2,128,104,10.33150521
03-DLIS,2,129,104,13.16434579
03-DLIS,2,130,104,14.49586148
03-DLIS,2,131,104,13.4465609
03-DLIS,2,132,104,4.254409477
03-DLIS,2,106,105,3.511409973
03-DLIS,2,107,105,2.1
03-DLIS,2,108,105,1.503329638
03-DLIS,2,109,105,5.738466694
03-DLIS,2,110,105,8.547514259
03-DLIS,2,111,105,8.614522622
03-DLIS,2,112,105,8.411896338
03-DLIS,2,113,105,6.484597135
03-DLIS,2,114,105,6.360031446
03-DLIS,2,115,105,6.670832032
03-DLIS,2,116,105,7.200694411
03-DLIS,2,117,105,8.994442729
03-DLIS,2,118,105,11.35693621
03-DLIS,2,119,105,11.68460526
03-DLIS,2,120,105,13.43167897
03-DLIS,2,121,105,10.78378412
03-DLIS,2,122,105,11.51086443
03-DLIS,2,123,105,11.61077086
03-DLIS,2,124,105,13.03610371
03-DLIS,2,125,105,15.49870962
03-DLIS,2,126,105,12.10371844
03-DLIS,2,127,105,11.77200068
03-DLIS,2,128,105,12.35556555
03-DLIS,2,129,105,14.27795504
03-DLIS,2,130,105,15.42368309
03-DLIS,2,131,105,14.75974255
03-DLIS,2,132,105,4.884669897
03-DLIS,2,107,106,4.666904756
03-DLIS,2,108,106,3.413209633
03-DLIS,2,109,106,4.244997055
03-DLIS,2,110,106,7.684399781
03-DLIS,2,111,106,7.543208866
03-DLIS,2,112,106,6.835934464
03-DLIS,2,113,106,4.244997055
03-DLIS,2,114,106,2.863564213
03-DLIS,2,115,106,3.176476035
03-DLIS,2,116,106,3.744329045
03-DLIS,2,117,106,5.547071299
03-DLIS,2,118,106,8.5
03-DLIS,2,119,106,8.746427842
03-DLIS,2,120,106,10.18331969
03-DLIS,2,121,106,7.289718787
03-DLIS,2,122,106,8.000624976
03-DLIS,2,123,106,9.208691547
03-DLIS,2,124,106,10.42353107
03-DLIS,2,125,106,12.76322843
03-DLIS,2,126,106,8.926925563
03-DLIS,2,127,106,8.764131446
03-DLIS,2,128,106,8.895504483
03-DLIS,2,129,106,10.82266141
03-DLIS,2,130,106,12.02081528
03-DLIS,2,131,106,11.27120224
03-DLIS,2,132,106,1.389244399
03-DLIS,2,108,107,3.601388621
03-DLIS,2,109,107,7.720103626
03-DLIS,2,110,107,10.63813893
03-DLIS,2,111,107,10.69205312
03-DLIS,2,112,107,10.42928569
03-DLIS,2,113,107,6.203224968
03-DLIS,2,114,107,7.240165744
03-DLIS,2,115,107,7.762087348
03-DLIS,2,116,107,8.373768566
03-DLIS,2,117,107,10.16710382
03-DLIS,2,118,107,13.03572016
03-DLIS,2,119,107,13.32216199
03-DLIS,2,120,107,14.84991582
03-DLIS,2,121,107,11.81524439
03-DLIS,2,122,107,12.34706443
03-DLIS,2,123,107,11.06435719
03-DLIS,2,124,107,12.60198397
03-DLIS,2,125,107,15.10761397
03-DLIS,2,126,107,12.23315168
03-DLIS,2,127,107,11.72731853
03-DLIS,2,128,107,12.94488316
03-DLIS,2,129,107,15.4029218
03-DLIS,2,130,107,16.64812302
03-DLIS,2,131,107,15.78416928
03-DLIS,2,132,107,6.020797289
03-DLIS,2,109,108,4.441846463
03-DLIS,2,110,108,7.071067812
03-DLIS,2,111,108,7.158910532
03-DLIS,2,112,108,7.038465742
03-DLIS,2,113,108,7.158910532
03-DLIS,2,114,108,6.207253821
03-DLIS,2,115,108,6.315061362
03-DLIS,2,116,108,6.744627492
03-DLIS,2,117,108,8.47584804
03-DLIS,2,118,108,10.3247276
03-DLIS,2,119,108,10.68877916
03-DLIS,2,120,108,12.61942946
03-DLIS,2,121,108,10.34456379
03-DLIS,2,122,108,11.21784293
03-DLIS,2,123,108,12.29837388
03-DLIS,2,124,108,13.63084737
03-DLIS,2,125,108,16.03652082
03-DLIS,2,126,108,12.33207201
03-DLIS,2,127,108,12.12765435
03-DLIS,2,128,108,12.240915
03-DLIS,2,129,108,13.70839159
03-DLIS,2,130,108,14.75974255
03-DLIS,2,131,108,14.26779591
03-DLIS,2,132,108,4.617358552
03-DLIS,2,110,109,3.453983208
03-DLIS,2,111,109,3.2984845
03-DLIS,2,112,109,2.729468813
03-DLIS,2,113,109,8.236504113
03-DLIS,2,114,109,5.240229003
03-DLIS,2,115,109,4.687216658
03-DLIS,2,116,109,4.65188134
03-DLIS,2,117,109,5.787054518
03-DLIS,2,118,109,6.129437168
03-DLIS,2,119,109,6.551335742
03-DLIS,2,120,109,8.802272434
03-DLIS,2,121,109,7.64198927
03-DLIS,2,122,109,8.845903006
03-DLIS,2,123,109,12.73499117
03-DLIS,2,124,109,13.67808466
03-DLIS,2,125,109,15.7632484
03-DLIS,2,126,109,11.37409337
03-DLIS,2,127,109,11.56762724
03-DLIS,2,128,109,10.28834292
03-DLIS,2,129,109,10.42353107
03-DLIS,2,130,109,11.20892502
03-DLIS,2,131,109,11.15437134
03-DLIS,2,132,109,4.10487515
03-DLIS,2,111,110,0.5
03-DLIS,2,112,110,1.772004515
03-DLIS,2,113,110,11.67261753
03-DLIS,2,114,110,8.481155582
03-DLIS,2,115,110,7.789736838
03-DLIS,2,116,110,7.569015788
03-DLIS,2,117,110,8.163332653
03-DLIS,2,118,110,6.403124237
03-DLIS,2,119,110,6.902897942
03-DLIS,2,120,110,9.5
03-DLIS,2,121,110,9.757561171
03-DLIS,2,122,110,11.0923397
03-DLIS,2,123,110,16.00781059
03-DLIS,2,124,110,16.83448841
03-DLIS,2,125,110,18.77684745
03-DLIS,2,126,110,14.24359505
03-DLIS,2,127,110,14.58355238
03-DLIS,2,128,110,12.70590414
03-DLIS,2,129,110,11.70982493
03-DLIS,2,130,110,12.10165278
03-DLIS,2,131,110,12.57656551
03-DLIS,2,132,110,7.517978452
03-DLIS,2,112,111,1.3
03-DLIS,2,113,111,11.45425685
03-DLIS,2,114,111,8.184130986
03-DLIS,2,115,111,7.465252842
03-DLIS,2,116,111,7.213875519
03-DLIS,2,117,111,7.738862966
03-DLIS,2,118,111,5.903388857
03-DLIS,2,119,111,6.403124237
03-DLIS,2,120,111,9
03-DLIS,2,121,111,9.30376268
03-DLIS,2,122,111,10.64377752
03-DLIS,2,123,111,15.70031847
03-DLIS,2,124,111,16.49393828
03-DLIS,2,125,111,18.40434731
03-DLIS,2,126,111,13.85388032
03-DLIS,2,127,111,14.21724305
03-DLIS,2,128,111,12.26743657
03-DLIS,2,129,111,11.21472247
03-DLIS,2,130,111,11.60172401
03-DLIS,2,131,111,12.08387355
03-DLIS,2,132,111,7.29177619
03-DLIS,2,113,112,10.53422992
03-DLIS,2,114,112,7.119691005
03-DLIS,2,115,112,6.351377803
03-DLIS,2,116,112,6.044005295
03-DLIS,2,117,112,6.463745044
03-DLIS,2,118,112,4.751841748
03-DLIS,2,119,112,5.246903849
03-DLIS,2,120,112,7.816009212
03-DLIS,2,121,112,8.005623024
03-DLIS,2,122,112,9.347726996
03-DLIS,2,123,112,14.59075049
03-DLIS,2,124,112,15.32644773
03-DLIS,2,125,112,17.18633178
03-DLIS,2,126,112,12.61507035
03-DLIS,2,127,112,13.01153335
03-DLIS,2,128,112,10.9772492
03-DLIS,2,129,112,9.960923652
03-DLIS,2,130,112,10.40432602
03-DLIS,2,131,112,10.81896483
03-DLIS,2,132,112,6.389053138
03-DLIS,2,114,113,3.701351105
03-DLIS,2,115,113,4.601086828
03-DLIS,2,116,113,5.203844733
03-DLIS,2,117,113,6.428841264
03-DLIS,2,118,113,10.65692263
03-DLIS,2,119,113,10.72007463
03-DLIS,2,120,113,11.21605991
03-DLIS,2,121,113,7.3430239
03-DLIS,2,122,113,7.310950691
03-DLIS,2,123,113,5.14781507
03-DLIS,2,124,113,6.5520989
03-DLIS,2,125,113,9.024411338
03-DLIS,2,126,113,6.113100686
03-DLIS,2,127,113,5.532630477
03-DLIS,2,128,113,7.360027174
03-DLIS,2,129,113,10.82266141
03-DLIS,2,130,113,12.25887434
03-DLIS,2,131,113,10.92245394
03-DLIS,2,132,113,4.162931659
03-DLIS,2,115,114,0.9
03-DLIS,2,116,114,1.529705854
03-DLIS,2,117,114,3.08058436
03-DLIS,2,118,114,7.003570518
03-DLIS,2,119,114,7.106335202
03-DLIS,2,120,114,7.961155695
03-DLIS,2,121,114,4.580392996
03-DLIS,2,122,114,5.1623638
03-DLIS,2,123,114,7.52861209
03-DLIS,2,124,114,8.43860178
03-DLIS,2,125,114,10.56882207
03-DLIS,2,126,114,6.35688603
03-DLIS,2,127,114,6.400781202
03-DLIS,2,128,114,6.040695324
03-DLIS,2,129,114,8.183520025
03-DLIS,2,130,114,9.479451461
03-DLIS,2,131,114,8.544003745
03-DLIS,2,132,114,1.603121954
03-DLIS,2,116,115,0.670820393
03-DLIS,2,117,115,2.408318916
03-DLIS,2,118,115,6.118823416
03-DLIS,2,119,115,6.236184731
03-DLIS,2,120,115,7.220110802
03-DLIS,2,121,115,4.114608122
03-DLIS,2,122,115,4.903060269
03-DLIS,2,123,115,8.241965785
03-DLIS,2,124,115,9.050966799
03-DLIS,2,125,115,11.08016245
03-DLIS,2,126,115,6.708203932
03-DLIS,2,127,115,6.881860214
03-DLIS,2,128,115,6.003332408
03-DLIS,2,129,115,7.655063684
03-DLIS,2,130,115,8.886506625
03-DLIS,2,131,115,8.095060222
03-DLIS,2,132,115,1.788854382
03-DLIS,2,117,116,1.802775638
03-DLIS,2,118,116,5.474486277
03-DLIS,2,119,116,5.578530272
03-DLIS,2,120,116,6.560487787
03-DLIS,2,121,116,3.605551275
03-DLIS,2,122,116,4.517742799
03-DLIS,2,123,116,8.57554663
03-DLIS,2,124,116,9.284934033
03-DLIS,2,125,116,11.21605991
03-DLIS,2,126,116,6.741661516
03-DLIS,2,127,116,7.017834424
03-DLIS,2,128,116,5.755866572
03-DLIS,2,129,116,7.083078427
03-DLIS,2,130,116,8.280096618
03-DLIS,2,131,116,7.56439026
03-DLIS,2,132,116,2.360084744
03-DLIS,2,118,117,4.440720662
03-DLIS,2,119,117,4.401136217
03-DLIS,2,120,117,4.887739764
03-DLIS,2,121,117,1.910497317
03-DLIS,2,122,117,3.059411708
03-DLIS,2,123,117,8.825531145
03-DLIS,2,124,117,9.228217596
03-DLIS,2,125,117,10.84665847
03-DLIS,2,126,117,6.228964601
03-DLIS,2,127,117,6.767569726
03-DLIS,2,128,117,4.569463864
03-DLIS,2,129,117,5.283937925
03-DLIS,2,130,117,6.481512169
03-DLIS,2,131,117,5.793962375
03-DLIS,2,132,117,4.161730409
03-DLIS,2,119,118,0.5
03-DLIS,2,120,118,3.106444913
03-DLIS,2,121,118,4.887739764
03-DLIS,2,122,118,6.16116872
03-DLIS,2,123,118,13.20037878
03-DLIS,2,124,118,13.44618905
03-DLIS,2,125,118,14.76651618
03-DLIS,2,126,118,10.2
03-DLIS,2,127,118,10.92520023
03-DLIS,2,128,118,7.840918314
03-DLIS,2,129,118,5.502726597
03-DLIS,2,130,118,5.714017851
03-DLIS,2,131,118,6.425729531
03-DLIS,2,132,118,7.353910524
03-DLIS,2,120,119,2.607680962
03-DLIS,2,121,119,4.65188134
03-DLIS,2,122,119,5.883026432
03-DLIS,2,123,119,13.07287268
03-DLIS,2,124,119,13.26084462
03-DLIS,2,125,119,14.51206395
03-DLIS,2,126,119,9.974467404
03-DLIS,2,127,119,10.73359213
03-DLIS,2,128,119,7.545197148
03-DLIS,2,129,119,5.032891813
03-DLIS,2,130,119,5.215361924
03-DLIS,2,131,119,5.961543424
03-DLIS,2,132,119,7.558438992
03-DLIS,2,121,120,4.044749683
03-DLIS,2,122,120,4.825971405
03-DLIS,2,123,120,12.509996
03-DLIS,2,124,120,12.3794184
03-DLIS,2,125,120,13.22573249
03-DLIS,2,126,120,8.962700486
03-DLIS,2,127,120,9.885848471
03-DLIS,2,128,120,6.236184731
03-DLIS,2,129,120,2.640075756
03-DLIS,2,130,120,2.607680962
03-DLIS,2,131,120,3.580502758
03-DLIS,2,132,120,8.852683209
03-DLIS,2,122,121,1.360147051
03-DLIS,2,123,121,8.570880935
03-DLIS,2,124,121,8.633075929
03-DLIS,2,125,121,9.879271228
03-DLIS,2,126,121,5.322593353
03-DLIS,2,127,121,6.103277808
03-DLIS,2,128,121,3.047950131
03-DLIS,2,129,121,3.612478374
03-DLIS,2,130,121,4.967896939
03-DLIS,2,131,121,3.98246155
03-DLIS,2,132,121,5.903388857
03-DLIS,2,123,122,7.7
03-DLIS,2,124,122,7.570997292
03-DLIS,2,125,122,8.63539229
03-DLIS,2,126,122,4.176122604
03-DLIS,2,127,122,5.06359556
03-DLIS,2,128,122,1.697056275
03-DLIS,2,129,122,3.577708764
03-DLIS,2,130,122,5.056678752
03-DLIS,2,131,122,3.612478374
03-DLIS,2,132,122,6.648308055
03-DLIS,2,124,123,1.62788206
03-DLIS,2,125,123,4.101219331
03-DLIS,2,126,123,3.889730068
03-DLIS,2,127,123,2.816025568
03-DLIS,2,128,123,6.609841148
03-DLIS,2,129,123,11.01680534
03-DLIS,2,130,123,12.47798061
03-DLIS,2,131,123,10.67333125
03-DLIS,2,132,123,8.704596487
03-DLIS,2,125,124,2.507987241
03-DLIS,2,126,124,3.423448554
03-DLIS,2,127,124,2.529822128
03-DLIS,2,128,124,6.212889827
03-DLIS,2,129,124,10.6
03-DLIS,2,130,124,12.01041215
03-DLIS,2,131,124,10.13163363
03-DLIS,2,132,124,9.765244493
03-DLIS,2,126,125,4.622769733
03-DLIS,2,127,125,4.201190308
03-DLIS,2,128,125,7.026378868
03-DLIS,2,129,125,11.08557621
03-DLIS,2,130,125,12.36284757
03-DLIS,2,131,125,10.43934864
03-DLIS,2,132,125,11.99541579
03-DLIS,2,127,126,1.077032961
03-DLIS,2,128,126,2.8
03-DLIS,2,129,126,7.211102551
03-DLIS,2,130,126,8.646964785
03-DLIS,2,131,126,6.80661443
03-DLIS,2,132,126,7.912016178
03-DLIS,2,128,127,3.820994635
03-DLIS,2,129,127,8.23893197
03-DLIS,2,130,127,9.687620967
03-DLIS,2,131,127,7.864477096
03-DLIS,2,132,127,7.879086241
03-DLIS,2,129,128,4.418144407
03-DLIS,2,130,128,5.869412236
03-DLIS,2,131,128,4.080441153
03-DLIS,2,132,128,7.623647421
03-DLIS,2,130,129,1.486606875
03-DLIS,2,131,129,0.943398113
03-DLIS,2,132,129,9.433981132
03-DLIS,2,131,130,1.923538406
03-DLIS,2,132,130,10.6400188
03-DLIS,2,132,131,9.88382517
