"","61","62","63","64","65","66","67","68","69","70","71","72","73","74","75","76","77","78","79","80","81","82","83","84","85","86","87","88","89","90","91","92","93","94","95","96","97","98","99","100","101","102","103","104","105","106","107","108","109","110","111","112","113","114","115","116","117","118","119","120","121","122","123","124","125","126","127","128","129","130","131","132"
"61",0,1.26491106406735,1.77200451466693,3.33016516106934,4.03112887414927,4.53431361950185,5.33104117410474,6.30079360080935,7.78010282708397,8.91571646027396,9.61353212924365,11.1085552615991,8.93588272080604,9.71853898484747,11.5017389989514,12.4064499354167,13.4033577882559,15.4547727256016,17.5071414000116,15.9705979850474,16.5469030334984,17.7053664181231,14.1650979523616,12.5936491931449,14.4516435051519,13.2378245946983,14.9093930124603,17.0417135288679,16.2049375191637,17.0552044842623,20.0359676581891,21.1376441449846,19.9984999437458,20.7038643735898,20.1658126540936,21.4014018232451,16.9047330650324,24.9897979183506,24.1993801573511,22.284748147556,20.1019899512461,18.1024860171193,18.8671672489539,18.6252516761519,20.2232539419353,16.7155616118634,21.1123186789135,19.7959591836314,16.6736318779083,17.8179684588339,17.3184872318572,16.1027947884831,15.7610278852618,13.912943613772,13.5558105622644,13.0633073913156,11.3225438837745,11.443775600736,10.9457754407808,8.33846508657319,9.4578010129205,8.76584280032445,14.0616499743096,12.9769025580067,12.1757956618859,10.3711137299713,11.4017542509914,8.40238061504,6.25139984323511,5.73149195236284,5.55427763079953,15.3388395910512
"62",1.26491106406735,0,0.509901951359279,2.22036033111745,2.80178514522438,3.40587727318528,4.07185461430047,5.10881590977792,6.59469483751902,7.65571681816928,8.34865258589672,9.84885780179611,7.71038261048049,8.55862138431185,10.301941564579,11.2285350780946,12.2200654662731,14.2284925413763,16.30030674558,14.7410990092327,15.306207890918,16.4450600485374,12.9031004026164,11.3296072306148,13.186735759846,11.9883276565166,13.6693086877135,15.794302770303,15,15.8795465930234,18.7829710109982,19.9138143006306,18.7856328080797,19.5,18.993156662335,20.2410474037289,16.5193825550473,23.8949785519887,23.1294184967975,21.2727525252375,19.0412709659833,17.0651692051383,17.8630904381073,17.6776695296637,19.4200926877294,15.9088025947901,20.2200395647486,19.0672494083441,16.1446585594122,17.5145653671451,17.017931719219,15.7714932710888,14.7299015611103,13.0740200397582,12.7781062759706,12.3227432010896,10.6301458127346,11.2178429299041,10.7280007457121,8.14923309275173,8.73212459828649,7.91201617794099,12.8456218222397,11.7337121150981,10.9110036201992,9.20217365626187,10.2176318195558,7.37834669827869,5.81377674149945,5.59732078766261,5.00099990001999,14.5464772367745
"63",1.77200451466693,0.509901951359279,0,1.87882942280559,2.343074902772,3.0232432915662,3.57770876399966,4.61735855224608,6.15548535860496,7.15891053163818,7.84346862045103,9.33916484488844,7.20624728967859,8.07527089328897,9.80459076147495,10.7377837564369,11.7273185340895,13.7233377864133,15.8,14.2351677194194,14.7979728341418,15.9354949719173,12.3939501370628,10.8268185539428,12.681088281374,11.5004347743901,13.1882523482075,15.307514494522,14.5416642788919,15.4382641511279,18.2915280936285,19.4427364329201,18.3215719849581,19.0412709659833,18.5526278462109,19.8070694450239,16.4514437056448,23.4948930621103,22.7422514276841,20.9153054005912,18.6603858481008,16.6973051717934,17.5114248420852,17.353962083628,19.1635069859355,15.65407295243,19.9210943474499,18.8451585294473,16.0153051797335,17.4797025146311,16.9849933765074,15.72768260107,14.366976021418,12.8082004981184,12.5419296760905,12.104957662049,10.4393486386843,11.2294256309038,10.7447661677674,8.19084855189009,8.53287759199674,7.65375724726098,12.3810338825156,11.2507777508935,10.4043260233424,8.7692645073575,9.77445650662992,7.0327803890069,5.7706152185014,5.6859475903318,4.91629942131274,14.3003496460751
"64",3.33016516106934,2.22036033111745,1.87882942280559,0,1.01980390271856,1.20415945787923,2.40208242989286,4.34165866921848,4.46542271235322,5.84636639289739,6.66108099335236,8.30963296421689,6.55133574166368,7.72528316633119,9.21954445729289,10.2357217625334,11.1830228471554,12.9313572373514,15.0960259671213,13.4182711255959,13.9,14.8354305633507,11.287160847618,9.55667306126981,11.4542568506211,10.0463923873199,11.6730458750062,13.8293166859393,12.8968988520497,13.7277092043793,16.8466613903171,17.8530109505372,16.6976046186272,17.3925271309261,16.8371612809286,18.0712478816489,14.8492424049175,21.6836343817175,20.9117192023994,19.0541334098405,16.8220093924596,14.8448644318498,15.6460857724864,15.4767567661962,17.3,13.7927517196533,18.042727066605,17.007351351695,14.3003496460751,15.945218719102,15.4563902642241,14.1792101331492,12.5099960031968,10.9416634932719,10.6962610289764,10.2771591405407,8.64696478540303,9.84327181378224,9.37763296360014,6.93541635375988,6.73646791723972,5.7974132162543,10.770329614269,9.75756117070244,9.22279784013506,7.04343666117613,8.0802227692063,5.16236379965612,4.34626276242015,4.67546789102438,3.41760149812701,12.4454811076149
"65",4.03112887414927,2.80178514522438,2.343074902772,1.01980390271856,0,1.00498756211209,1.40356688476182,3.38378486313773,3.81837661840736,4.9335585534176,5.70701322935211,7.324616030892,5.53172667437573,6.72309452558865,8.2,9.21791733527699,10.1636607578175,11.9205704561485,14.0801278403287,12.4100765509323,12.9015502944414,13.8755180083484,10.3247275993122,8.64002314811714,10.5261578935526,9.21357693840997,10.8784190027779,13.0142229887151,12.200409829182,13.096946208945,16.0153051797335,17.1128606609182,15.9840545544615,16.7002993985138,16.2114157308978,17.4691156044031,15.2190669884852,21.192923347193,20.4611827615121,18.6938492558381,16.3932913107771,14.4585614775468,15.307514494522,15.2200525623271,17.2200464575448,13.7317151150175,17.8488094841085,17.0155810949847,14.5416642788919,16.3746755693052,15.8927656498169,14.6030818665102,12.1433109158911,10.8683025353548,10.7056060080689,10.3392456204503,8.80056816347672,10.4216121593542,9.97296345125159,7.62758153020995,6.9065186599328,5.82151183113115,10.0439036235918,8.94706655837543,8.27647267862342,6.43506021727847,7.43303437365925,4.90407993409569,4.99299509312797,5.52268050859363,4.04969134626332,12.4149103903331
"66",4.53431361950185,3.40587727318528,3.0232432915662,1.20415945787923,1.00498756211209,0,1.74928556845359,4.10121933088198,3.27566787083184,4.82597140480546,5.70087712549569,7.41080292545956,5.92368128784795,7.2560319734687,8.57029754442633,9.62081077664456,10.5304320899002,12.1198184804889,14.3199162008721,12.5896783120142,13.0245921241319,13.8520756567382,10.3174609279609,8.51586754241751,10.4235310715707,8.9196412483911,10.5190303735658,12.6846363763413,11.7046999107196,12.5251746494809,15.7098695093244,16.6709327873398,15.5080624192708,16.1978393620878,15.6339374439071,16.867127793433,14.2200562586791,20.4892654821982,19.7253643819322,17.8932948335403,15.6400127877186,13.6740630391994,14.4917217748617,14.3561833368065,16.278206289392,12.7816274394147,16.9543504741408,16.0461833468274,13.5369863706809,15.3844076909057,14.9040263016408,13.6124942607885,11.344161493914,9.92018144995342,9.73242004847715,9.35360892917809,7.8,9.48261567290376,9.04267659490264,6.76239602507869,5.90338885725818,4.83735464897913,9.58801335001157,8.61626369141521,8.22982381342395,5.84123274660409,6.8818602136341,4.02492235949962,4.12310562561766,4.82597140480546,3.18904374382039,11.4542568506211
"67",5.33104117410474,4.07185461430047,3.57770876399966,2.40208242989286,1.40356688476182,1.74928556845359,0,2.44131112314674,2.90688837074973,3.58468966578698,4.31740662898458,5.92114853723499,4.20594816896262,5.50726792520575,6.86804193347711,7.90569415042095,8.83232698670062,10.5304320899002,12.7011810474459,11.0163514831363,11.5004347743901,12.4779806058513,8.92692556258872,7.27323861838727,9.14822387133153,7.92590688817374,9.62548700066651,11.7337121150981,11.0535062310563,12.0241423810599,14.7139389695622,15.9028299368383,14.8054044186574,15.5438090569847,15.1327459504216,16.4146276229466,15.4690012605856,20.2625269894947,19.58187937865,17.933488227336,15.555384919699,13.6850283156448,14.5907504947484,14.6109547942631,16.8344884092152,13.3958948935859,17.3080905937079,16.750522379914,14.6154028339967,16.7026943934205,16.2336071161033,14.9345237620756,11.4127122105133,10.5475115548645,10.5004761796787,10.2122475488993,8.8283633817373,11.0136279218067,10.5948100502085,8.42199501305955,7.00927956355002,5.7706152185014,8.87299273075325,7.68505042273634,6.88839603971781,5.4644304369257,6.38905313798532,4.50998891351187,5.79827560572969,6.57343137181792,4.88364617882991,12.1334249080793
"68",6.30079360080935,5.10881590977792,4.61735855224608,4.34165866921848,3.38378486313773,4.10121933088198,2.44131112314674,0,4.60108682813094,3.89486841883009,4.10365690573664,5.1478150704935,2.69258240356725,3.47131099154196,5.20096144957834,6.12045749923974,7.11125867902441,9.17877987534291,11.2071405808975,9.70154626850792,10.316006979447,11.6456000274782,8.18596359630313,6.98140387028282,8.66083136886985,8.06597793203031,9.8351410767716,11.7592516768713,11.5801554393713,12.7318498263214,14.5801234562674,16.1226548682281,15.1485972947993,15.945218719102,15.7632483961904,17.0891778620272,17.8058978992917,21.1851362988299,20.6167407705486,19.2065093132511,16.7155616118634,14.9893295380414,15.9765453086705,16.1616830806695,18.6526137578625,15.3013071337059,18.9264365372883,18.7002673777676,16.8573426138285,19.0709202714499,18.6077940659284,17.3078017090559,12.8316016147635,12.5063983624383,12.5674181914982,12.347064428438,11.0860272415325,13.4528807323933,13.0357201565545,10.8466584716216,9.33005894943864,8.03616824114578,9.40478601564119,7.95110055275369,6.40702739185654,6.71863081289633,7.40945342113708,6.5924198895398,8.21340367935243,8.88650662521556,7.28628849277875,14.1088624630053
"69",7.78010282708397,6.59469483751902,6.15548535860496,4.46542271235322,3.81837661840736,3.27566787083184,2.90688837074973,4.60108682813094,0,2.33238075793812,3.31209903233584,5.05667875190821,4.74341649025257,6.35137780328017,6.95269731830748,8.02807573457052,8.76584280032445,9.80815986819138,12.0552892955748,10.2142057938931,10.5019045891686,11.0113577727726,7.58023746329889,5.60802995712398,7.50066663703967,5.74891294072192,7.28010988928052,9.4578010129205,8.43148859929254,9.28493403315285,12.4919974383603,13.3958948935859,12.2331516789419,12.9274900889538,12.3987902635701,13.6517398158623,13.5085158326146,17.401149387325,16.6973051717934,15.0266430050095,12.6570138658374,10.7782187767738,11.6867446279963,11.7341382299681,14.0801278403287,10.7042047812997,14.4554487996741,14.1,12.3967737738494,14.8529458357593,14.4138821973818,13.1228807812919,8.50881895447306,7.90569415042095,7.99061950038919,7.81024967590665,6.71192967781993,9.8351410767716,9.50157881617576,7.87146746166177,5.16139516022558,3.80131556174964,6.31347764706584,5.41202365109392,5.49181208709839,2.61725046566048,3.62353418639869,2.14709105535839,5.60446250768082,6.87313611097583,4.94974746830583,9.50841732361385
"70",8.91571646027396,7.65571681816928,7.15891053163818,5.84636639289739,4.9335585534176,4.82597140480546,3.58468966578698,3.89486841883009,2.33238075793812,0,0.984885780179609,2.75136329843952,2.78926513619627,4.36577599058861,4.66690475583121,5.73149195236284,6.44049687524185,7.52861208988748,9.7718984849414,7.95550124127952,8.30240928887513,9.027181176868,5.50090901579003,3.71079506305589,5.60892146495206,4.38292140016222,6.12209114600559,8.1835200250259,7.73369252039412,8.84816365128946,11.1413643688733,12.4326183887386,11.3899078134988,12.1622366364086,11.9016805536025,13.2200605142337,15.5048379546514,17.2904597972408,16.7260276216441,15.3687995627505,12.8514590611339,11.1825757319144,12.2024587686253,12.4903963107661,15.2082214607757,12.0208152801713,15.2839785396342,15.4301652615907,14.2351677194194,16.8964493311465,16.4754362612952,15.1990131258579,9.10823802938856,9.38616002420585,9.64624279188535,9.58540557305741,8.73670418407308,12.1264174429219,11.8067777145164,10.2,7.35934779718964,6.01082357085949,5.54436651025165,4.18688428309166,3.40587727318528,3.10644491340181,3.59026461420325,4.3139309220246,7.87718223732319,9.07083237635885,7.15681493403316,10.9658560997307
"71",9.61353212924365,8.34865258589672,7.84346862045103,6.66108099335236,5.70701322935211,5.70087712549569,4.31740662898458,4.10365690573664,3.31209903233584,0.984885780179609,0,1.77200451466694,2.30867927612304,3.74833296279826,3.76430604494374,4.81040538832228,5.4817880294663,6.55209890035247,8.79317917479224,6.98569967862919,7.35527021937332,8.17435012707432,4.62709412050371,2.99666481275434,4.83838816136118,3.96232255123179,5.73149195236284,7.68374908491942,7.51664818918646,8.72353139502576,10.5688220724923,12.0241423810599,11.0453610171873,11.8444079632542,11.7046999107196,13.0384048104053,16.313491349187,17.2177234267484,16.7155616118634,15.4987096237074,12.9402472928457,11.3771701226623,12.4310096130604,12.8140547837131,15.6626945319124,12.5717938258627,15.6156972306715,15.965587994183,14.9816554492486,17.7228665852903,17.3104014973657,16.0424437041244,9.41328847959097,10.0244700608062,10.3469802357983,10.3310212467113,9.58018788959799,13.0728726758888,12.7612695293219,11.1825757319144,8.27345151674922,6.93541635375988,5.37121960079832,3.86005181312376,2.57099202643649,3.66878726556883,3.90128184062623,5.24022900262956,8.86002257333467,10.0424100693011,8.13203541556479,11.5801554393713
"72",11.1085552615991,9.84885780179611,9.33916484488844,8.30963296421689,7.324616030892,7.41080292545956,5.92114853723499,5.1478150704935,5.05667875190821,2.75136329843952,1.77200451466694,0,2.61725046566048,3.38378486313773,2.5,3.4,3.89486841883009,4.78016736108685,7.02139587261678,5.21727898429823,5.61426753904728,6.59696900098826,3.06757233003559,2.0591260281974,3.52278299076171,3.54400902933387,5.18941229813165,6.82495421230062,7.21110255092798,8.54400374531753,9.50157881617576,11.2445542374965,10.4009614940158,11.2361025271221,11.3216606555752,12.6625431884752,17.6819116613561,16.9944108459223,16.6087326427997,15.655350523064,13.0541181241783,11.7038455218787,12.8003906190397,13.3454111963626,16.3957311517358,13.5029626378806,16.1310260058063,16.8404275480167,16.240997506311,19.1206694443474,18.7256508565123,17.4774139963554,9.9724620831568,11.1359777298628,11.5602768132947,11.6211014968462,11.0453610171873,14.7200543477258,14.426711336961,12.9247823966208,9.87167665596883,8.56037382361308,5.27730992078351,3.64965751817893,1.36014705087354,4.88262224629348,4.75394572960189,6.8818602136341,10.6282642044691,11.8139747756629,9.9040395798886,12.6317061397105
"73",8.93588272080604,7.71038261048049,7.20624728967859,6.55133574166368,5.53172667437573,5.92368128784795,4.20594816896262,2.69258240356725,4.74341649025257,2.78926513619627,2.30867927612304,2.61725046566048,0,1.61245154965971,2.66833281282527,3.7,4.63249392876019,6.51920240520265,8.60523096726637,7.03491293478462,7.62954782408499,8.96939239859646,5.55697759577992,4.62276973253049,6.12209114600559,5.95399025864168,7.68505042273634,9.42602779541839,9.6150923032491,10.8853112036358,12.1165176515367,13.8408814748194,12.9618671494503,13.7876756561793,13.7829604947558,15.1238222681966,18.206042952822,19.3829822266853,18.9256439784753,17.7792013318934,15.2085502267639,13.6780846612382,14.7363496158309,15.1211772028503,17.9401783714655,14.7959453905453,17.9226114168667,18.201373574541,16.9923512204756,19.5726850483014,19.1400104493179,17.8530109505372,11.7209214654821,12.1753850041795,12.4277914369368,12.3490890352285,11.4127122105133,14.5041373407728,14.1428427128354,12.2613212991097,9.90454441153151,8.54458893101359,7.53923072998831,5.95063021872474,3.96232255123179,5.86941223633168,6.200806399171,6.87968022512675,9.73498844375277,10.6892469332503,8.88369292580512,13.7539085353946
"74",9.71853898484747,8.55862138431185,8.07527089328897,7.72528316633119,6.72309452558865,7.2560319734687,5.50726792520575,3.47131099154196,6.35137780328017,4.36577599058861,3.74833296279826,3.38378486313773,1.61245154965971,0,1.96977156035922,2.70739727413618,3.71214223865412,6.00832755431992,7.87718223732319,6.54599113962126,7.26154253585283,8.9044932477935,5.8,5.4230987451825,6.56048778674269,6.92603782836912,8.5615419172016,10.0702532242243,10.5948100502085,11.9251834367443,12.5399362039845,14.4779142144164,13.7058381721075,14.5499140890934,14.6931957041346,16.0327789231936,19.8176688841044,20.3769477596621,19.9904977426776,18.9889441517953,16.3957311517358,14.9656272838796,16.0449368961053,16.5,19.4033502261852,16.3168624434969,19.3002590656188,19.7131935515279,18.5930094390338,21.1851362988299,20.7523492646013,19.465096968677,13.1003816738292,13.7360838669542,14.0117807576339,13.9463256809814,13.0249760076554,16.0776242025991,15.7079597656729,13.7644469558352,11.5108644332213,10.1513545894132,8.63481325796916,7.00927956355002,4.70106370941726,7.39797269527267,7.63216876123687,8.49058301885094,11.2004464196745,12.0739388767709,10.3227903204512,15.305227865014
"75",11.5017389989514,10.301941564579,9.80459076147495,9.21954445729289,8.2,8.57029754442633,6.86804193347711,5.20096144957834,6.95269731830748,4.66690475583121,3.76430604494374,2.5,2.66833281282527,1.96977156035922,0,1.0816653826392,1.96468827043885,4.05215991787096,6.00749531835024,4.58802789878179,5.2924474489597,6.96347614342147,4.04969134626332,4.21070065428546,4.91934955049954,5.80775343829264,7.2567210226107,8.5,9.35574689696125,10.7354552767919,10.7800742112473,12.8502918254801,12.1741529479467,13.0268952555857,13.3150291024842,14.6413797164065,20.0524312740376,19.0520340121468,18.7536663082182,17.9627392120467,15.35512943612,14.1056726177804,15.2118374958451,15.8028478446133,18.8862383761299,16.0012499511757,18.5779439120695,19.3403722818357,18.6681547025945,21.4720748880959,21.0641876178504,19.8002525236422,12.4458828533777,13.605881081356,14.0003571383019,14.0292551477261,13.3405397192168,16.7836229700265,16.4541788005357,14.7275252503603,12.0241423810599,10.677546534668,7.60263112349929,6.000833275471,3.50142828000232,7.29451848993475,7.24499827467198,8.98053450525079,12.2674365700418,13.291350570954,11.4490174250894,15.1158856836111
"76",12.4064499354167,11.2285350780946,10.7377837564369,10.2357217625334,9.21791733527699,9.62081077664456,7.90569415042095,6.12045749923974,8.02807573457052,5.73149195236284,4.81040538832228,3.4,3.7,2.70739727413618,1.0816653826392,0,1.00498756211209,3.44818792991333,5.17880295048962,3.98246155034798,4.77074417675063,6.64830805543787,4.20594816896262,4.83735464897913,5.1662365412358,6.42806347199528,7.72334124585985,8.72811548961172,9.83259884262548,11.2285350780946,10.770329614269,12.9769025580067,12.397580409096,13.2517923316056,13.6565002837477,14.9646249535363,21.0544532106631,19.4054116163507,19.1689853669932,18.5097271724896,15.9050306507092,14.7573710395856,15.8710428138796,16.5221064032405,19.6697737658571,16.8656455553886,19.2761510680945,20.1762236307987,19.6369549574266,22.4828823774889,22.0800815215886,20.8216233757121,13.2003787824441,14.5344418537486,14.9586095610521,15.0096635538576,14.3680200445294,17.8549712965325,17.5285481429581,15.8091745515065,13.081666560496,11.7388244726634,8.22982381342396,6.67532770731145,4.17731971484109,8.26801064343775,8.14370922860093,10.0419121685066,13.3461604965623,14.3600139275698,12.5239770041309,16.0224842018958
"77",13.4033577882559,12.2200654662731,11.7273185340895,11.1830228471554,10.1636607578175,10.5304320899002,8.83232698670062,7.11125867902441,8.76584280032445,6.44049687524185,5.4817880294663,3.89486841883009,4.63249392876019,3.71214223865412,1.96468827043885,1.00498756211209,0,2.56124969497314,4.17731971484109,3.08058436014987,3.90512483795333,5.88982172905089,3.91152144312159,4.96487663492256,4.90917508345343,6.5,7.61051903617618,8.37436564761774,9.70206163658014,11.1018016555873,10.1965680500843,12.5,12.0070812439993,12.8576825283563,13.3660016459673,14.6509385364897,21.5601484224947,19.1049731745428,18.9282857121293,18.4043473125237,15.8113883008419,14.7800541270998,15.8977985897419,16.6171598054541,19.83658236693,17.1493440107778,19.3380454027805,20.4120062708201,20.0808366359572,23.0054341406547,22.6141548592911,21.3693706037403,13.3521533843796,14.9217961385351,15.393829932801,15.4841854806767,14.9402141885583,18.5539753152795,18.2428068015862,16.6012047755577,13.7360838669542,12.4084648526721,8.27647267862343,6.80073525436772,4.38634243989226,8.76184911990614,8.52349693494401,10.7168092266308,14.1777995471794,15.2315462117278,13.3753504626982,16.3710109645067
"78",15.4547727256016,14.2284925413763,13.7233377864133,12.9313572373514,11.9205704561485,12.1198184804889,10.5304320899002,9.17877987534291,9.80815986819138,7.52861208988748,6.55209890035247,4.78016736108685,6.51920240520265,6.00832755431992,4.05215991787096,3.44818792991333,2.56124969497314,0,2.24722050542442,0.53851648071345,1.34536240470737,3.4132096331752,2.86006992921502,4.75078940808788,3.71214223865412,5.92030404624627,6.46219776856141,6.60681466366357,8.39344982709732,9.75141015443408,7.93788384898645,10.3812330674155,10.0603180864225,10.8903627120496,11.6004310264748,12.8191263352851,21.6416265562457,17.2568826848884,17.2011627513956,16.9705627484771,14.4360659460949,13.6926987843887,14.8006756602528,15.6732255773979,19.0276115158997,16.6739317498903,18.2789496415959,19.7709382680742,20.0009999750012,23.1233648070518,22.7692775467295,21.5761442338524,12.612692020342,14.7627910640231,15.3574086355739,15.556349186104,15.305227865014,19.260581507317,19.0031576323515,17.6476627347646,14.3735868870648,13.1228807812919,7.47930478052606,6.32534584034739,4.49444101084885,9.10219753685889,8.57029754442633,11.4947814246292,15.4003246719022,16.5939748101532,14.6840049032953,16.0801119399089
"79",17.5071414000116,16.30030674558,15.8,15.0960259671213,14.0801278403287,14.3199162008721,12.7011810474459,11.2071405808975,12.0552892955748,9.7718984849414,8.79317917479224,7.02139587261678,8.60523096726637,7.87718223732319,6.00749531835024,5.17880295048962,4.17731971484109,2.24722050542442,0,1.88679622641132,2.02484567313166,3.71214223865412,4.90407993409569,6.9065186599328,5.59016994374947,7.92085853932514,8.15414005275848,7.77946013551069,9.88433103452125,11.16154111223,8.31504660239496,10.9041276588272,10.846197490365,11.6211014968462,12.5602547744861,13.6718689285701,23.6932479833391,18.0136059688226,18.1,18.1661773634411,15.7190966661574,15.2118374958451,16.2963186026783,17.2626765016321,20.6707522843268,18.520529150108,19.7618318988903,21.5076730494026,22.0002272715534,25.1829307269825,24.8421013603922,23.6685445264385,14.366976021418,16.7621597653763,17.3971261994618,17.6309387157916,17.4613859701915,21.472307747422,21.2228650280776,19.8929635801205,16.5846314399808,15.3473124683118,9.32362590412121,8.34865258589672,6.71192967781994,11.2898184219234,10.7004672795163,13.729530217746,17.6459627110566,18.8321533553654,16.9248338248858,18.016103907338
"80",15.9705979850474,14.7410990092327,14.2351677194194,13.4182711255959,12.4100765509323,12.5896783120142,11.0163514831363,9.70154626850792,10.2142057938931,7.95550124127952,6.98569967862919,5.21727898429823,7.03491293478462,6.54599113962126,4.58802789878179,3.98246155034798,3.08058436014987,0.53851648071345,1.88679622641132,0,0.860232526704263,2.99666481275434,3.04138126514911,5.02195181179589,3.80131556174964,6.08769250208977,6.48459713474939,6.44980619863884,8.34865258589672,9.68400743494138,7.59605160593318,10.0806745806022,9.81835016690686,10.6381389349829,11.4070153852794,12.6015872016187,21.8497139569377,17.0238068598067,17.0026468527697,16.851409436602,14.3391073641284,13.6704059925081,14.7719328457721,15.6780100778128,19.0546582231222,16.7800476757368,18.2496575310333,19.8338095180931,20.1804360706106,23.336237914454,22.9897803382285,21.8082553176544,12.6763559432512,14.9402141885583,15.5569919971696,15.7762479696536,15.5801155323059,19.5862196454548,19.338303958724,18.0313615681124,14.6986393928146,13.4647688431699,7.57165767847438,6.50691939399898,4.83011387029333,9.40319094775811,8.82383136738231,11.8532695911297,15.8145502623375,17.0261563483953,15.1119158282463,16.2265215003093
"81",16.5469030334984,15.306207890918,14.7979728341418,13.9,12.9015502944414,13.0245921241319,11.5004347743901,10.316006979447,10.5019045891686,8.30240928887513,7.35527021937332,5.61426753904728,7.62954782408499,7.26154253585283,5.2924474489597,4.77074417675063,3.90512483795333,1.34536240470737,2.02484567313166,0.860232526704263,0,2.1540659228538,3.04138126514911,5.09901951359278,3.61247837363769,5.96657355607052,6.12943716828878,5.84636639289739,7.87908624143688,9.17605579756357,6.79117073853986,9.30591209930547,9.10054943396277,9.90807751281751,10.7377837564369,11.9037809119624,21.7276321765626,16.30490723678,16.3196200936174,16.2594587855808,13.7786066058945,13.2098448136229,14.3,15.2505737596984,18.6531498680518,16.5,17.7710438635439,19.4833262047321,20.0122462507336,23.22068043792,22.8877696597987,21.72786229706,12.3422040171114,14.7787008901324,15.4311373527683,15.684705926475,15.587174214719,19.6824795185972,19.4537914042482,18.2496575310333,14.8030402282774,13.605881081356,7.3109506905737,6.40312423743285,5.02891638427206,9.48261567290376,8.82043082847998,12.0332871651931,16.1046577113579,17.3565549577098,15.4353490404331,16.0112460477003
"82",17.7053664181231,16.4450600485374,15.9354949719173,14.8354305633507,13.8755180083484,13.8520756567382,12.4779806058513,11.6456000274782,11.0113577727726,9.027181176868,8.17435012707432,6.59696900098826,8.96939239859646,8.9044932477935,6.96347614342147,6.64830805543787,5.88982172905089,3.4132096331752,3.71214223865412,2.99666481275434,2.1540659228538,0,3.55105618091294,5.40370243444252,3.52278299076171,5.69209978830308,5.22015325445528,4.25440947723653,6.56048778674269,7.7175125526299,4.6690470119715,7.22495674727538,7.13442359269479,7.91012010022604,8.86453608487212,9.96092365195116,21.0601519462705,14.3055933117085,14.3892320851392,14.5206749154438,12.1264174429219,11.7991525119392,12.8502918254801,13.8974817862806,17.3349358233597,15.4896739797841,16.2791277407606,18.2800437636238,19.2439600914157,22.5601418435257,22.2622999710273,21.1627030409634,11.2538882169675,14.0801278403287,14.8121571690284,15.1476070717457,15.2970585407784,19.572429588582,19.3940712590214,18.4610400573749,14.76787053031,13.6821051011897,6.57343137181792,6.13514466007119,5.62227711874824,9.50789145920377,8.66487160897379,12.2376468326227,16.5215011424507,17.8630904381073,15.945218719102,15.1644320698139
"83",14.1650979523616,12.9031004026164,12.3939501370628,11.287160847618,10.3247275993122,10.3174609279609,8.92692556258872,8.18596359630313,7.58023746329889,5.50090901579003,4.62709412050371,3.06757233003559,5.55697759577992,5.8,4.04969134626332,4.20594816896262,3.91152144312159,2.86006992921502,4.90407993409569,3.04138126514911,3.04138126514911,3.55105618091294,0,2.06155281280883,1,3.06104557300279,3.76563407675255,4.52216762183801,5.82151183113115,7.21734023030645,6.74759216313494,8.81192374002408,8.19328993750374,9.04765162901402,9.47259204230817,10.7707938426097,18.8090403795622,15.2190669884852,15.0206524492114,14.5168867185771,11.9339850846228,11.0113577727726,12.1276543486364,12.9340635532689,16.2483845350853,13.823168956502,15.5955121749816,16.9496312644258,17.1493440107778,20.2950732937824,19.9484335224599,18.7683243791235,9.79897953870708,11.9096599447675,12.517587627015,12.7349911660747,12.5670203310093,16.6412138980304,16.4127998830181,15.2427031723379,11.7618025829377,10.5702412460644,4.6518813398452,3.47131099154196,2.10237960416287,6.44127316607517,5.80086200490927,9.01387818865997,13.159407281485,14.4533733086778,12.5299640861417,13.2200605142337
"84",12.5936491931449,11.3296072306148,10.8268185539428,9.55667306126981,8.64002314811714,8.51586754241751,7.27323861838727,6.98140387028282,5.60802995712398,3.71079506305589,2.99666481275434,2.0591260281974,4.62276973253049,5.4230987451825,4.21070065428546,4.83735464897913,4.96487663492256,4.75078940808788,6.9065186599328,5.02195181179589,5.09901951359278,5.40370243444252,2.06155281280883,0,1.91049731745428,1.6,3.13847096529504,4.81040538832228,5.19230199429887,6.55133574166368,7.60263112349929,9.21954445729289,8.34865258589672,9.18095855561934,9.27038294786143,10.6103722837608,16.9177421661403,14.9602807460288,14.6030818665102,13.7524543264103,11.1449540151586,9.9247166206396,11.0367567699936,11.6901668080485,14.8761554173113,12.2102416028513,14.4391828023611,15.4505663326624,15.3222061074768,18.3934771046695,18.0324707125785,16.8315180539368,8.39344982709732,10.1019800039398,10.6526991884686,10.8245092267502,10.5603030259553,14.5890369798695,14.3558350505988,13.1897687621884,9.70618359603815,8.50881895447306,3.40147027033899,1.84390889145858,0.728010988928052,4.39089968002003,3.82099463490856,6.95701085237044,11.1462998344742,12.4679589348056,10.5475115548645,11.4908659377786
"85",14.4516435051519,13.186735759846,12.681088281374,11.4542568506211,10.5261578935526,10.4235310715707,9.14822387133153,8.66083136886985,7.50066663703967,5.60892146495206,4.83838816136118,3.52278299076171,6.12209114600559,6.56048778674269,4.91934955049954,5.1662365412358,4.90917508345343,3.71214223865412,5.59016994374947,3.80131556174964,3.61247837363769,3.52278299076171,1,1.91049731745428,0,2.36008474424119,2.78926513619627,3.58468966578698,4.82597140480546,6.2201286160336,6.01082357085949,7.94040301244213,7.26154253585283,8.11541742610939,8.49293824303462,9.79846926820715,18.1157390133552,14.2414886862294,14.0292551477261,13.5181359661752,10.9370928495647,10.0424100693011,11.1570605447851,11.9870763741623,15.3235113469466,12.9799845916704,14.6294224082839,16.0589538887189,16.4103625797848,19.6084165602427,19.2753728887407,18.1176709319934,8.90056178002265,11.1731821787707,11.8190524154858,12.0739388767709,12.0220630509077,16.1966045824426,15.9931235223142,14.9646249535363,11.3463650567043,10.2142057938931,3.77359245282264,2.80178514522438,2.28473193175917,6.04069532421558,5.27730992078351,8.73212459828649,12.9988461026354,14.3422452914458,12.4257796536073,12.4326183887386
"86",13.2378245946983,11.9883276565166,11.5004347743901,10.0463923873199,9.21357693840997,8.9196412483911,7.92590688817374,8.06597793203031,5.74891294072192,4.38292140016222,3.96232255123179,3.54400902933387,5.95399025864168,6.92603782836912,5.80775343829264,6.42806347199528,6.5,5.92030404624627,7.92085853932514,6.08769250208977,5.96657355607052,5.69209978830308,3.06104557300279,1.6,2.36008474424119,0,1.76918060129541,3.80788655293195,3.67695526217005,5,6.80294054067798,8.07217442824422,7.08378429936994,7.8873316146844,7.82943165242535,9.1706052144883,15.7724443254684,13.4629120178363,13.0648383074572,12.1593585357123,9.5524865872714,8.32946576918352,9.44298681562142,10.1202766760598,13.3454111963626,10.7912001186152,12.8565158577276,13.9713993572584,14.0929060168583,17.2626765016321,16.9248338248858,15.7613451202618,6.8622153857191,8.85268320906153,9.47628619238571,9.71853898484747,9.67470929795826,13.8924439894498,13.7058381721075,12.8082004981184,9.07579197646134,8.0049984384758,1.802775637732,0.447213595499958,2.30867927612304,3.84707681233427,2.9732137494637,6.62721661031236,11.0018180315801,12.4036285013701,10.5171288857749,10.1607086367044
"87",14.9093930124603,13.6693086877135,13.1882523482075,11.6730458750062,10.8784190027779,10.5190303735658,9.62548700066651,9.8351410767716,7.28010988928052,6.12209114600559,5.73149195236284,5.18941229813165,7.68505042273634,8.5615419172016,7.2567210226107,7.72334124585985,7.61051903617618,6.46219776856141,8.15414005275848,6.48459713474939,6.12943716828878,5.22015325445528,3.76563407675255,3.13847096529504,2.78926513619627,1.76918060129541,0,2.18403296678416,2.1095023109729,3.50570962859162,5.22015325445528,6.31268564083465,5.31507290636733,6.12209114600559,6.13269924258479,7.47328575661335,15.8404545389329,11.827087553578,11.4978258814438,10.8,8.20243866176395,7.25327512231544,8.36779540858881,9.21140597303148,12.5717938258627,10.3855669079738,11.8406080924925,13.3600149700515,14.0356688476182,17.3404152199421,17.0423003142181,15.9477271107829,6.21288982680363,8.86002257333467,9.59635347410671,9.94786409235671,10.2181211580212,14.5880087743324,14.4554487996741,13.8361844451424,9.92975326984513,9.01387818865997,1.39283882771841,1.94164878389476,3.86264158316559,5.04876222454574,4.01123422402632,7.83134726595622,12.2494897852931,13.693794214899,11.8532695911297,9.9724620831568
"88",17.0417135288679,15.794302770303,15.307514494522,13.8293166859393,13.0142229887151,12.6846363763413,11.7337121150981,11.7592516768713,9.4578010129205,8.1835200250259,7.68374908491942,6.82495421230062,9.42602779541839,10.0702532242243,8.5,8.72811548961172,8.37436564761774,6.60681466366357,7.77946013551069,6.44980619863884,5.84636639289739,4.25440947723653,4.52216762183801,4.81040538832228,3.58468966578698,3.80788655293195,2.18403296678416,0,2.42074368738204,3.46698716467194,3.0364452901378,4.42040722106007,3.67695526217005,4.53100430368368,5.01597448159378,6.28012738724303,17.2362989066679,10.7354552767919,10.6117859005919,10.4139329746259,7.94040301244213,7.54718490564528,8.59592926913664,9.65194280961092,13.0919822792425,11.4109596441316,12.0303782151685,14.0719579305795,15.337861650178,18.7301895345456,18.4707877471428,17.4470627900515,7.17007670809734,10.3310212467113,11.1400179533069,11.5693560754262,12.0540449642433,16.4760432143157,16.3771181836122,15.9050306507092,11.9419428905015,11.1004504413109,3.40147027033899,4.07185461430047,5.46717477313466,7.21803297304744,6.1660360037872,9.98498873309329,14.4006944277004,15.8533908044935,14.0246212070059,11.2329871361094
"89",16.2049375191637,15,14.5416642788919,12.8968988520497,12.200409829182,11.7046999107196,11.0535062310563,11.5801554393713,8.43148859929254,7.73369252039412,7.51664818918646,7.21110255092798,9.6150923032491,10.5948100502085,9.35574689696125,9.83259884262548,9.70206163658014,8.39344982709732,9.88433103452125,8.34865258589672,7.87908624143688,6.56048778674269,5.82151183113115,5.19230199429887,4.82597140480546,3.67695526217005,2.1095023109729,2.42074368738204,0,1.4,4.83735464897913,5.01597448159378,3.80788655293195,4.5,4.18807831827439,5.52268050859363,14.8354305633507,9.786214794291,9.41116358374457,8.70229854693575,6.11310068623117,5.33104117410474,6.42572953056694,7.3824115301167,10.8046286377645,8.99388681271896,9.90201999594022,11.7200682591869,12.9247823966208,16.3266653055668,16.0751360802949,15.071164520368,4.75078940808788,7.97057087039567,8.80227243386616,9.2655275079188,9.89949493661167,14.3401534161947,14.2790055676157,14.0431477952772,10.0124921972504,9.338094023943,2.19317121994613,3.67151195013716,5.92030404624627,5.90592922409336,4.83735464897913,8.47584804016684,12.8062484748657,14.2874070425672,12.5542821379799,8.82043082847998
"90",17.0552044842623,15.8795465930234,15.4382641511279,13.7277092043793,13.096946208945,12.5251746494809,12.0241423810599,12.7318498263214,9.28493403315285,8.84816365128946,8.72353139502576,8.54400374531753,10.8853112036358,11.9251834367443,10.7354552767919,11.2285350780946,11.1018016555873,9.75141015443408,11.16154111223,9.68400743494138,9.17605579756357,7.7175125526299,7.21734023030645,6.55133574166368,6.2201286160336,5,3.50570962859162,3.46698716467194,1.4,0,5.2,4.63896540189728,3.33766385365573,3.82753184180092,3.11448230047949,4.39317652729776,14.1792101331492,8.5,8.06535802057168,7.30273921210391,4.7169905660283,4.08166632639171,5.14295634824951,6.18546683767684,9.6260064408871,8.12711510931154,8.60058137569781,10.6301458127346,12.2118794622286,15.6524758424985,15.4353490404331,14.50310311623,3.98120584747888,7.51864349467376,8.39523674472614,8.92692556258872,9.8,14.2126704035519,14.2003521083106,14.2214626533279,10.1788997440784,9.67677632272236,3.35410196624968,4.93963561409139,7.27804918917151,6.68430998682736,5.66392090340252,9.03548559846121,13.2257324938924,14.7122398022871,13.0678996016958,8.14370922860093
"91",20.0359676581891,18.7829710109982,18.2915280936285,16.8466613903171,16.0153051797335,15.7098695093244,14.7139389695622,14.5801234562674,12.4919974383603,11.1413643688733,10.5688220724923,9.50157881617576,12.1165176515367,12.5399362039845,10.7800742112473,10.770329614269,10.1965680500843,7.93788384898645,8.31504660239496,7.59605160593318,6.79117073853986,4.6690470119715,6.74759216313494,7.60263112349929,6.01082357085949,6.80294054067798,5.22015325445528,3.0364452901378,4.83735464897913,5.2,0,2.60768096208106,2.91547594742265,3.51140997321589,4.80208288141719,5.6302753041037,19.3744677346243,9.77394495585073,9.99249718538865,10.5588825166303,8.48115558164098,8.82383136738231,9.6938124595022,10.9224539367305,14.2863571283935,13.2593363333162,12.8549601321824,15.4673850407882,17.3968387932981,20.8432243187085,20.6322562992999,19.7022841315417,9.17877987534291,12.6826653350154,13.5440023626696,14.0431477952772,14.7363496158309,19.177069640589,19.1157003533745,18.8066477608318,14.800337833982,14.0356688476182,6.37887137352683,7.09365914038728,8.18352002502591,10.2391405889362,9.17823512446702,12.9876864760434,17.3954016912516,18.8565638439245,17.042593699317,13.3416640641263
"92",21.1376441449846,19.9138143006306,19.4427364329201,17.8530109505372,17.1128606609182,16.6709327873398,15.9028299368383,16.1226548682281,13.3958948935859,12.4326183887386,12.0241423810599,11.2445542374965,13.8408814748194,14.4779142144164,12.8502918254801,12.9769025580067,12.5,10.3812330674155,10.9041276588272,10.0806745806022,9.30591209930547,7.22495674727538,8.81192374002408,9.21954445729289,7.94040301244213,8.07217442824422,6.31268564083465,4.42040722106007,5.01597448159378,4.63896540189728,2.60768096208106,0,1.30384048104053,1.22065556157337,2.74590604354919,3.19061122670876,18.2485615871498,7.17007670809734,7.43303437365925,8.24196578493262,6.46606526413088,7.30068489937759,7.97558775263616,9.2660671268883,12.4619420637395,11.9870763741623,10.8300507847378,13.7593604502535,16.2225152180542,19.6702821535432,19.513328778043,18.7002673777676,8.27345151674922,11.9603511654132,12.8561269439906,13.4301898720755,14.4124945793572,18.8,18.8066477608318,18.8565638439245,14.8124947257375,14.2618371888057,7.08307842678591,8.24621125123532,9.88584847142621,10.912378292563,9.83869910099907,13.4833230325465,17.7775138869303,19.2626581758593,17.5570498660794,12.3223374405995
"93",19.9984999437458,18.7856328080797,18.3215719849581,16.6976046186272,15.9840545544615,15.5080624192708,14.8054044186574,15.1485972947993,12.2331516789419,11.3899078134988,11.0453610171873,10.4009614940158,12.9618671494503,13.7058381721075,12.1741529479467,12.397580409096,12.0070812439993,10.0603180864225,10.846197490365,9.81835016690686,9.10054943396277,7.13442359269479,8.19328993750374,8.34865258589672,7.26154253585283,7.08378429936994,5.31507290636733,3.67695526217005,3.80788655293195,3.33766385365573,2.91547594742265,1.30384048104053,0,0.854400374531751,1.88679622641132,2.82842712474619,17.0461139266403,7.20624728967859,7.25603197346869,7.64787552199956,5.59732078766261,6.1773780845922,6.94046107978425,8.20975030070952,11.4978258814438,10.8078675047393,9.98248466064436,12.7412715221048,15.0283066245003,18.4808008484481,18.3109257002479,17.4722637342732,7.00357051795725,10.679419459877,11.5732450073434,12.1412519947491,13.1095385120911,17.5002857119534,17.5045708316428,17.5581889726703,13.514806694881,12.9807549857472,5.94053869611166,7.21248916810279,9.04267659490264,9.71287804927046,8.6452298986204,12.2384639559056,16.5075740192192,17.9936099768779,16.30490723678,11.0860272415325
"94",20.7038643735898,19.5,19.0412709659833,17.3925271309261,16.7002993985138,16.1978393620878,15.5438090569847,15.945218719102,12.9274900889538,12.1622366364086,11.8444079632542,11.2361025271221,13.7876756561793,14.5499140890934,13.0268952555857,13.2517923316056,12.8576825283563,10.8903627120496,11.6211014968462,10.6381389349829,9.90807751281751,7.91012010022604,9.04765162901402,9.18095855561934,8.11541742610939,7.8873316146844,6.12209114600559,4.53100430368368,4.5,3.82753184180092,3.51140997321589,1.22065556157337,0.854400374531751,0,1.52643375224737,2.11896201004171,17.0880074906351,6.4,6.51152823843988,7.10211236182588,5.24976189936267,6.10982814815605,6.76017751246223,8.05294977011529,11.2414411887444,10.815729286553,9.62081077664455,12.5399362039845,15.057224179775,18.5,18.3521115951271,17.5616058491244,7.21110255092798,10.9114618635635,11.8105884696741,12.401612798342,13.4629120178363,17.8137587274556,17.8404035828789,18.0055546984812,13.9713993572584,13.5029626378806,6.67083203206316,7.99812478022192,9.87927122818277,10.3773792452623,9.31933474020544,12.8378347083922,17.0531522012794,18.5396871602516,16.8860889491913,11.1986606342009
"95",20.1658126540936,18.993156662335,18.5526278462109,16.8371612809286,16.2114157308978,15.6339374439071,15.1327459504216,15.7632483961904,12.3987902635701,11.9016805536025,11.7046999107196,11.3216606555752,13.7829604947558,14.6931957041346,13.3150291024842,13.6565002837477,13.3660016459673,11.6004310264748,12.5602547744861,11.4070153852794,10.7377837564369,8.86453608487212,9.47259204230817,9.27038294786143,8.49293824303462,7.82943165242535,6.13269924258479,5.01597448159378,4.18807831827439,3.11448230047949,4.80208288141719,2.74590604354919,1.88679622641132,1.52643375224737,0,1.34164078649987,15.6208194407336,5.74891294072192,5.60089278597618,5.76974869470066,3.74833296279826,4.61735855224608,5.23545604508337,6.5299310869258,9.72008230417829,9.3407708461347,8.13203541556479,11.0136279218067,13.5856541984551,17.0205757834452,16.8834238233837,16.1207940251093,5.91354377678901,9.60468635614927,10.504284840007,11.1162043881893,12.280879447336,16.5680415257809,16.6207701385947,16.9366466574703,12.9340635532689,12.580143083447,6.36003144646314,7.85493475466219,9.99249718538865,9.79489663038871,8.7783825389419,12.0739388767709,16.1548754250845,17.6366096515175,16.0589538887189,9.78672570372747
"96",21.4014018232451,20.2410474037289,19.8070694450239,18.0712478816489,17.4691156044031,16.867127793433,16.4146276229466,17.0891778620272,13.6517398158623,13.2200605142337,13.0384048104053,12.6625431884752,15.1238222681966,16.0327789231936,14.6413797164065,14.9646249535363,14.6509385364897,12.8191263352851,13.6718689285701,12.6015872016187,11.9037809119624,9.96092365195116,10.7707938426097,10.6103722837608,9.79846926820715,9.1706052144883,7.47328575661335,6.28012738724303,5.52268050859363,4.39317652729776,5.6302753041037,3.19061122670876,2.82842712474619,2.11896201004171,1.34164078649987,0,15.9477271107829,4.45533388198909,4.42831796509691,5.060632371552,3.58468966578698,5.00399840127872,5.36003731330296,6.64830805543786,9.5770559150503,9.68762096698668,7.80064099930256,10.959014554238,13.9086304142428,17.3002890149269,17.2002906952179,16.5215011424507,6.69402718847182,10.3097041664637,11.2008928215567,11.8376517941693,13.1217376898031,17.3118456555042,17.396838793298,17.8675683852056,13.9086304142428,13.641847382228,7.68439978137525,9.19238815542512,11.3318136235997,11.0390216957845,10.040916292849,13.2310241478126,17.2191753577226,18.6935817862709,17.1677022341372,10.3004854254545
"97",16.9047330650324,16.5193825550473,16.4514437056448,14.8492424049175,15.2190669884852,14.2200562586791,15.4690012605856,17.8058978992917,13.5085158326146,15.5048379546514,16.313491349187,17.6819116613561,18.206042952822,19.8176688841044,20.0524312740376,21.0544532106631,21.5601484224947,21.6416265562457,23.6932479833391,21.8497139569377,21.7276321765626,21.0601519462705,18.8090403795622,16.9177421661403,18.1157390133552,15.7724443254684,15.8404545389329,17.2362989066679,14.8354305633507,14.1792101331492,19.3744677346243,18.2485615871498,17.0461139266403,17.0880074906351,15.6208194407336,15.9477271107829,0,16.4778639392368,15.2839785396342,12.6570138658374,12.4787819918452,11.0113577727726,10.6066017177982,9.35360892917809,7.51864349467376,6.28171950981576,9.57078889120432,6.10327780786685,2.03960780543711,1.5,1.26491106406735,1.06301458127346,10.1980390271856,6.98140387028282,6.29682459657247,6.09590026165127,6.79779375974293,5.67538544946508,6.16116872029974,8.68331733843696,8.47584804016683,9.78621479429099,14.5086181285469,15.3456834321577,17.3112680067059,12.8003906190397,13.1137332594498,11.363538181394,10.7074740251845,11.2445542374965,11.5351636312625,6.03738353924943
"98",24.9897979183506,23.8949785519887,23.4948930621103,21.6836343817175,21.192923347193,20.4892654821982,20.2625269894947,21.1851362988299,17.401149387325,17.2904597972408,17.2177234267484,16.9944108459223,19.3829822266853,20.3769477596621,19.0520340121468,19.4054116163507,19.1049731745428,17.2568826848884,18.0136059688226,17.0238068598067,16.30490723678,14.3055933117085,15.2190669884852,14.9602807460288,14.2414886862294,13.4629120178363,11.827087553578,10.7354552767919,9.786214794291,8.5,9.77394495585073,7.17007670809734,7.20624728967859,6.4,5.74891294072192,4.45533388198909,16.4778639392368,0,1.2,3.82099463490856,5,7.08025423272357,6.66483308118065,7.56108457828637,9.10219753685889,10.7563934476199,7.00285656000464,10.6042444332446,14.538225476309,17.6139149538085,17.64086165696,17.2675997173898,9.37229961108799,12.3943535531306,13.1928010672488,13.8636214604987,15.4547727256016,19.1637678967368,19.3545860198559,20.3420746237939,16.6469216373478,16.6832251078741,11.8532695911297,13.4331679063429,15.6869372409021,14.800337833982,13.8956827827926,16.6183633369836,20.181427105138,21.600925906081,20.294334184693,11.8105884696741
"99",24.1993801573511,23.1294184967975,22.7422514276841,20.9117192023994,20.4611827615121,19.7253643819322,19.58187937865,20.6167407705486,16.6973051717934,16.7260276216441,16.7155616118634,16.6087326427997,18.9256439784753,19.9904977426776,18.7536663082182,19.1689853669932,18.9282857121293,17.2011627513956,18.1,17.0026468527697,16.3196200936174,14.3892320851392,15.0206524492114,14.6030818665102,14.0292551477261,13.0648383074572,11.4978258814438,10.6117859005919,9.41116358374457,8.06535802057168,9.99249718538865,7.43303437365925,7.25603197346869,6.51152823843988,5.60089278597618,4.42831796509691,15.2839785396342,1.2,0,2.63058928759318,4.10365690573664,6.15548535860496,5.6302753041037,6.44748012792595,7.90253124005214,9.61353212924365,5.80344725141876,9.40478601564118,13.3506554146229,16.4149322264821,16.4438438328756,16.0801119399089,8.48528137423857,11.353413583588,12.1313643090957,12.8015624046442,14.426711336961,18.0546392929906,18.2570534314823,19.313207915828,15.6818366271301,15.7813180691601,11.3885907820063,12.9973074134607,15.3310143173894,14.1198441917749,13.2593363333162,15.8041133886087,19.2439600914157,20.6465493484989,19.3932978113574,10.7018689956474
"100",22.284748147556,21.2727525252375,20.9153054005912,19.0541334098405,18.6938492558381,17.8932948335403,17.933488227336,19.2065093132511,15.0266430050095,15.3687995627505,15.4987096237074,15.655350523064,17.7792013318934,18.9889441517953,17.9627392120467,18.5097271724896,18.4043473125237,16.9705627484771,18.1661773634411,16.851409436602,16.2594587855808,14.5206749154438,14.5168867185771,13.7524543264103,13.5181359661752,12.1593585357123,10.8,10.4139329746259,8.70229854693575,7.30273921210391,10.5588825166303,8.24196578493262,7.64787552199956,7.10211236182588,5.76974869470066,5.060632371552,12.6570138658374,3.82099463490856,2.63058928759318,0,2.60768096208106,4.2485291572496,3.42052627529742,3.96610640301039,5.33385414123783,7.03846574190711,3.25576411921994,6.83593446428504,10.7200746266059,13.8032604843928,13.823168956502,13.4495353079577,6.55133574166368,8.98109124772708,9.7082439194738,10.373041983912,12.0602653370479,15.5206314304541,15.7429349233235,16.9257200733086,13.4417260796372,13.6780846612382,10.3817146945965,12.0070812439993,14.4678954931255,12.5399362039845,11.798728745081,13.8956827827926,17.042593699317,18.4043473125237,17.2678892746045,8.18840643837371
"101",20.1019899512461,19.0412709659833,18.6603858481008,16.8220093924596,16.3932913107771,15.6400127877186,15.555384919699,16.7155616118634,12.6570138658374,12.8514590611339,12.9402472928457,13.0541181241783,15.2085502267639,16.3957311517358,15.35512943612,15.9050306507092,15.8113883008419,14.4360659460949,15.7190966661574,14.3391073641284,13.7786066058945,12.1264174429219,11.9339850846228,11.1449540151586,10.9370928495647,9.5524865872714,8.20243866176395,7.94040301244213,6.11310068623117,4.7169905660283,8.48115558164098,6.46606526413088,5.59732078766261,5.24976189936267,3.74833296279826,3.58468966578698,12.4787819918452,5,4.10365690573664,2.60768096208106,0,2.08086520466848,1.90262975904405,3.12569992161756,6.02079728939615,6.30079360080935,4.38634243989226,7.37902432574931,10.4479663092872,13.7931142241337,13.718600511714,13.1137332594498,4.38634243989226,7.48465096046569,8.32165848854662,8.98888202169769,10.509519494249,14.396180048888,14.5464772367745,15.3883072493371,11.6498927033686,11.6931603940081,7.77817459305202,9.40478601564119,11.8608600025462,10.1118742080783,9.31074647920348,11.7034183040683,15.181897114656,16.6012047755577,15.3055545472877,7.11969100453103
"102",18.1024860171193,17.0651692051383,16.6973051717934,14.8448644318498,14.4585614775468,13.6740630391994,13.6850283156448,14.9893295380414,10.7782187767738,11.1825757319144,11.3771701226623,11.7038455218787,13.6780846612382,14.9656272838796,14.1056726177804,14.7573710395856,14.7800541270998,13.6926987843887,15.2118374958451,13.6704059925081,13.2098448136229,11.7991525119392,11.0113577727726,9.9247166206396,10.0424100693011,8.32946576918352,7.25327512231544,7.54718490564528,5.33104117410474,4.08166632639171,8.82383136738231,7.30068489937759,6.1773780845922,6.10982814815605,4.61735855224608,5.00399840127872,11.0113577727726,7.08025423272357,6.15548535860496,4.2485291572496,2.08086520466848,0,1.11803398874989,2.12602916254693,5.56057550978314,4.72969343615419,4.58802789878178,6.65281895139196,8.97385090136893,12.4040316026685,12.2723265927859,11.5412304370028,2.343074902772,5.47083174663597,6.33245607959503,6.99213844256534,8.4581321815162,12.4426685240747,12.5686116973992,13.3270401815257,9.56922149393565,9.6260064408871,6.52763356814704,8.10555365166378,10.6117859005919,8.30060238777885,7.59605160593318,9.70051545022222,13.1034346642398,14.5206749154438,13.2382022948737,5.30094331227943
"103",18.8671672489539,17.8630904381073,17.5114248420852,15.6460857724864,15.307514494522,14.4917217748617,14.5907504947484,15.9765453086705,11.6867446279963,12.2024587686253,12.4310096130604,12.8003906190397,14.7363496158309,16.0449368961053,15.2118374958451,15.8710428138796,15.8977985897419,14.8006756602528,16.2963186026783,14.7719328457721,14.3,12.8502918254801,12.1276543486364,11.0367567699936,11.1570605447851,9.44298681562142,8.36779540858881,8.59592926913664,6.42572953056694,5.14295634824951,9.6938124595022,7.97558775263616,6.94046107978425,6.76017751246223,5.23545604508337,5.36003731330296,10.6066017177982,6.66483308118065,5.6302753041037,3.42052627529742,1.90262975904405,1.11803398874989,0,1.3,4.59673797382448,4.4,3.47850542618522,5.80086200490927,8.57088093488645,11.9436175424366,11.8532695911297,11.221853679317,3.17804971641414,5.73061951275776,6.53069674690228,7.20138875495553,8.79829528942965,12.5542821379799,12.7224211532239,13.6857590216984,10.0767058109285,10.2649890404228,7.64198926981712,9.21357693840997,11.7209214654821,9.2655275079188,8.61220064791804,10.4847508315649,13.6619910701186,15.0446003602621,13.8621787609308,5.23927475897189
"104",18.6252516761519,17.6776695296637,17.353962083628,15.4767567661962,15.2200525623271,14.3561833368065,14.6109547942631,16.1616830806695,11.7341382299681,12.4903963107661,12.8140547837131,13.3454111963626,15.1211772028503,16.5,15.8028478446133,16.5221064032405,16.6171598054541,15.6732255773979,17.2626765016321,15.6780100778128,15.2505737596984,13.8974817862806,12.9340635532689,11.6901668080485,11.9870763741623,10.1202766760598,9.21140597303148,9.65194280961092,7.3824115301167,6.18546683767684,10.9224539367305,9.2660671268883,8.20975030070952,8.05294977011529,6.5299310869258,6.64830805543786,9.35360892917809,7.56108457828637,6.44748012792595,3.96610640301039,3.12569992161756,2.12602916254693,1.3,0,3.44093010681705,3.23882694814033,2.80178514522438,4.54532727094541,7.324616030892,10.6705201372754,10.5929221652951,10.00199980004,3.40147027033899,5.03289181286465,5.74282160614449,6.40702739185654,8.10555365166378,11.6077560277601,11.8105884696742,12.9618671494503,9.5524865872714,9.90454441153151,8.34326075344646,9.84784240328814,12.347064428438,9.45409963983879,8.92748564826626,10.3315052146335,13.1643457870112,14.4958614783669,13.446560898609,4.25440947723653
"105",20.2232539419353,19.4200926877294,19.1635069859355,17.3,17.2200464575448,16.278206289392,16.8344884092152,18.6526137578625,14.0801278403287,15.2082214607757,15.6626945319124,16.3957311517358,17.9401783714655,19.4033502261852,18.8862383761299,19.6697737658571,19.83658236693,19.0276115158997,20.6707522843268,19.0546582231222,18.6531498680518,17.3349358233597,16.2483845350853,14.8761554173113,15.3235113469466,13.3454111963626,12.5717938258627,13.0919822792425,10.8046286377645,9.6260064408871,14.2863571283935,12.4619420637395,11.4978258814438,11.2414411887444,9.72008230417829,9.5770559150503,7.51864349467376,9.10219753685889,7.90253124005214,5.33385414123783,6.02079728939615,5.56057550978314,4.59673797382448,3.44093010681705,0,3.51140997321589,2.1,1.50332963783729,5.73846669416143,8.54751425854324,8.61452262171271,8.41189633792523,6.48459713474939,6.36003144646314,6.67083203206317,7.20069441095788,8.99444272870754,11.3569362065656,11.6846052564903,13.4316789717444,10.7837841224683,11.5108644332213,11.610770861575,13.0361037123828,15.4987096237074,12.1037184369102,11.7720006795786,12.3555655475579,14.2779550356485,15.4236830880306,14.7597425451801,4.88466989672793
"106",16.7155616118634,15.9088025947901,15.65407295243,13.7927517196533,13.7317151150175,12.7816274394147,13.3958948935859,15.3013071337059,10.7042047812997,12.0208152801713,12.5717938258627,13.5029626378806,14.7959453905453,16.3168624434969,16.0012499511757,16.8656455553886,17.1493440107778,16.6739317498903,18.520529150108,16.7800476757368,16.5,15.4896739797841,13.823168956502,12.2102416028513,12.9799845916704,10.7912001186152,10.3855669079738,11.4109596441316,8.99388681271896,8.12711510931154,13.2593363333162,11.9870763741623,10.8078675047393,10.815729286553,9.3407708461347,9.68762096698668,6.28171950981576,10.7563934476199,9.61353212924365,7.03846574190711,6.30079360080935,4.72969343615419,4.4,3.23882694814033,3.51140997321589,0,4.66690475583121,3.4132096331752,4.24499705535823,7.68439978137525,7.54320886625844,6.83593446428504,4.24499705535822,2.86356421265527,3.17647603485372,3.74432904536981,5.54707129934346,8.5,8.74642784226795,10.1833196944808,7.28971878744304,8.00062497558784,9.20869154657707,10.4235310715707,12.7632284317096,8.92692556258872,8.76413144584219,8.89550448260243,10.8226614102077,12.0208152801713,11.2712022428843,1.38924439894498
"107",21.1123186789135,20.2200395647486,19.9210943474499,18.042727066605,17.8488094841085,16.9543504741408,17.3080905937079,18.9264365372883,14.4554487996741,15.2839785396342,15.6156972306715,16.1310260058063,17.9226114168667,19.3002590656188,18.5779439120695,19.2761510680945,19.3380454027805,18.2789496415959,19.7618318988903,18.2496575310333,17.7710438635439,16.2791277407606,15.5955121749816,14.4391828023611,14.6294224082839,12.8565158577276,11.8406080924925,12.0303782151685,9.90201999594022,8.60058137569781,12.8549601321824,10.8300507847378,9.98248466064436,9.62081077664455,8.13203541556479,7.80064099930256,9.57078889120432,7.00285656000464,5.80344725141876,3.25576411921994,4.38634243989226,4.58802789878178,3.47850542618522,2.80178514522438,2.1,4.66690475583121,0,3.60138862107382,7.72010362624751,10.6381389349829,10.6920531236989,10.4292856898255,6.20322496770833,7.24016574395918,7.76208734813001,8.37376856618333,10.1671038157383,13.0357201565545,13.3221619867047,14.8499158246773,11.8152443901935,12.347064428438,11.064357188739,12.6019839707881,15.107613974417,12.2331516789419,11.7273185340895,12.9448831589937,15.4029218007494,16.6481230173254,15.7841692844445,6.02079728939615
"108",19.7959591836314,19.0672494083441,18.8451585294473,17.007351351695,17.0155810949847,16.0461833468274,16.750522379914,18.7002673777676,14.1,15.4301652615907,15.965587994183,16.8404275480167,18.201373574541,19.7131935515279,19.3403722818357,20.1762236307987,20.4120062708201,19.7709382680742,21.5076730494026,19.8338095180931,19.4833262047321,18.2800437636238,16.9496312644258,15.4505663326624,16.0589538887189,13.9713993572584,13.3600149700515,14.0719579305795,11.7200682591869,10.6301458127346,15.4673850407882,13.7593604502535,12.7412715221048,12.5399362039845,11.0136279218067,10.959014554238,6.10327780786685,10.6042444332446,9.40478601564118,6.83593446428504,7.37902432574931,6.65281895139196,5.80086200490927,4.54532727094541,1.50332963783729,3.4132096331752,3.60138862107382,0,4.44184646290256,7.07106781186548,7.15891053163818,7.03846574190711,7.15891053163818,6.2072538211354,6.31506136153878,6.7446274915669,8.47584804016684,10.3247275993122,10.688779163216,12.619429464124,10.34456378974,11.2178429299041,12.2983738762488,13.630847369111,16.0365208196791,12.3320720075744,12.1276543486364,12.2409149984795,13.708391590555,14.7597425451801,14.2677959054649,4.61735855224608
"109",16.6736318779083,16.1446585594122,16.0153051797335,14.3003496460751,14.5416642788919,13.5369863706809,14.6154028339967,16.8573426138285,12.3967737738494,14.2351677194194,14.9816554492486,16.240997506311,16.9923512204756,18.5930094390338,18.6681547025945,19.6369549574266,20.0808366359572,20.0009999750012,22.0002272715534,20.1804360706106,20.0122462507336,19.2439600914157,17.1493440107778,15.3222061074768,16.4103625797848,14.0929060168583,14.0356688476182,15.337861650178,12.9247823966208,12.2118794622286,17.3968387932981,16.2225152180542,15.0283066245003,15.057224179775,13.5856541984551,13.9086304142428,2.03960780543711,14.538225476309,13.3506554146229,10.7200746266059,10.4479663092872,8.97385090136893,8.57088093488645,7.324616030892,5.73846669416143,4.24499705535823,7.72010362624751,4.44184646290256,0,3.45398320783411,3.29848450049413,2.72946881279124,8.2365041127896,5.24022900262956,4.68721665810319,4.6518813398452,5.78705451849211,6.12943716828878,6.55133574166368,8.80227243386615,7.64198926981712,8.84590300647707,12.7349911660747,13.6780846612382,15.7632483961904,11.3740933704625,11.5676272415738,10.2883429180797,10.4235310715707,11.2089250153616,11.1543713404208,4.10487515035476
"110",17.8179684588339,17.5145653671451,17.4797025146311,15.945218719102,16.3746755693052,15.3844076909057,16.7026943934205,19.0709202714499,14.8529458357593,16.8964493311465,17.7228665852903,19.1206694443474,19.5726850483014,21.1851362988299,21.4720748880959,22.4828823774889,23.0054341406547,23.1233648070518,25.1829307269825,23.336237914454,23.22068043792,22.5601418435257,20.2950732937824,18.3934771046695,19.6084165602427,17.2626765016321,17.3404152199421,18.7301895345456,16.3266653055668,15.6524758424985,20.8432243187085,19.6702821535432,18.4808008484481,18.5,17.0205757834452,17.3002890149269,1.5,17.6139149538085,16.4149322264821,13.8032604843928,13.7931142241337,12.4040316026685,11.9436175424366,10.6705201372754,8.54751425854324,7.68439978137525,10.6381389349829,7.07106781186548,3.45398320783411,0,0.5,1.77200451466693,11.6726175299288,8.48115558164098,7.78973683766018,7.5690157880665,8.16333265278342,6.40312423743285,6.90289794216893,9.5,9.75756117070244,11.0923396990896,16.0078105935821,16.8344884092152,18.7768474457242,14.2435950518119,14.5835523793073,12.7059041394149,11.7098249346436,12.1016527796826,12.5765655089138,7.517978451685
"111",17.3184872318572,17.017931719219,16.9849933765074,15.4563902642241,15.8927656498169,14.9040263016408,16.2336071161033,18.6077940659284,14.4138821973818,16.4754362612952,17.3104014973657,18.7256508565123,19.1400104493179,20.7523492646013,21.0641876178504,22.0800815215886,22.6141548592911,22.7692775467295,24.8421013603922,22.9897803382285,22.8877696597987,22.2622999710273,19.9484335224599,18.0324707125785,19.2753728887407,16.9248338248858,17.0423003142181,18.4707877471428,16.0751360802949,15.4353490404331,20.6322562992999,19.513328778043,18.3109257002479,18.3521115951271,16.8834238233837,17.2002906952179,1.26491106406735,17.64086165696,16.4438438328756,13.823168956502,13.718600511714,12.2723265927859,11.8532695911297,10.5929221652951,8.61452262171271,7.54320886625844,10.6920531236989,7.15891053163818,3.29848450049413,0.5,0,1.3,11.4542568506211,8.18413098624405,7.46525284233562,7.21387551874857,7.73886296557834,5.90338885725818,6.40312423743285,9,9.30376267969041,10.6437775249204,15.7003184681076,16.4939382804714,18.4043473125237,13.8538803228554,14.2172430520126,12.2674365700418,11.2147224664724,11.6017240098185,12.0838735511424,7.29177618965366
"112",16.1027947884831,15.7714932710888,15.72768260107,14.1792101331492,14.6030818665102,13.6124942607885,14.9345237620756,17.3078017090559,13.1228807812919,15.1990131258579,16.0424437041244,17.4774139963554,17.8530109505372,19.465096968677,19.8002525236422,20.8216233757121,21.3693706037403,21.5761442338524,23.6685445264385,21.8082553176544,21.72786229706,21.1627030409634,18.7683243791235,16.8315180539368,18.1176709319934,15.7613451202618,15.9477271107829,17.4470627900515,15.071164520368,14.50310311623,19.7022841315417,18.7002673777676,17.4722637342732,17.5616058491244,16.1207940251093,16.5215011424507,1.06301458127346,17.2675997173898,16.0801119399089,13.4495353079577,13.1137332594498,11.5412304370028,11.221853679317,10.00199980004,8.41189633792523,6.83593446428504,10.4292856898255,7.03846574190711,2.72946881279124,1.77200451466693,1.3,0,10.5342299196477,7.11969100453103,6.35137780328017,6.04400529450463,6.46374504447693,4.75184174820669,5.24690384893796,7.81600921186765,8.00562302385018,9.34772699644143,14.5907504947484,15.3264477293338,17.1863317784802,12.6150703525585,13.0115333454593,10.9772492000501,9.96092365195116,10.4043260233424,10.8189648303338,6.38905313798532
"113",15.7610278852618,14.7299015611103,14.366976021418,12.5099960031968,12.1433109158911,11.344161493914,11.4127122105133,12.8316016147635,8.50881895447306,9.10823802938856,9.41328847959097,9.9724620831568,11.7209214654821,13.1003816738292,12.4458828533777,13.2003787824441,13.3521533843796,12.612692020342,14.366976021418,12.6763559432512,12.3422040171114,11.2538882169675,9.79897953870708,8.39344982709732,8.90056178002265,6.8622153857191,6.21288982680363,7.17007670809734,4.75078940808788,3.98120584747888,9.17877987534291,8.27345151674922,7.00357051795725,7.21110255092798,5.91354377678901,6.69402718847182,10.1980390271856,9.37229961108799,8.48528137423857,6.55133574166368,4.38634243989226,2.343074902772,3.17804971641414,3.40147027033899,6.48459713474939,4.24499705535822,6.20322496770833,7.15891053163818,8.2365041127896,11.6726175299288,11.4542568506211,10.5342299196477,0,3.70135110466435,4.60108682813094,5.20384473250307,6.42884126417817,10.6569226327303,10.7200746266059,11.216059914248,7.34302390027433,7.3109506905737,5.1478150704935,6.55209890035247,9.02441133814278,6.11310068623117,5.53263047744922,7.36002717386288,10.8226614102077,12.2588743365776,10.9224539367305,4.16293165929973
"114",13.912943613772,13.0740200397582,12.8082004981184,10.9416634932719,10.8683025353548,9.92018144995342,10.5475115548645,12.5063983624383,7.90569415042095,9.38616002420585,10.0244700608062,11.1359777298628,12.1753850041795,13.7360838669542,13.605881081356,14.5344418537486,14.9217961385351,14.7627910640231,16.7621597653763,14.9402141885583,14.7787008901324,14.0801278403287,11.9096599447675,10.1019800039398,11.1731821787707,8.85268320906153,8.86002257333467,10.3310212467113,7.97057087039567,7.51864349467376,12.6826653350154,11.9603511654132,10.679419459877,10.9114618635635,9.60468635614927,10.3097041664637,6.98140387028282,12.3943535531306,11.353413583588,8.98109124772708,7.48465096046569,5.47083174663597,5.73061951275776,5.03289181286465,6.36003144646314,2.86356421265527,7.24016574395918,6.2072538211354,5.24022900262956,8.48115558164098,8.18413098624405,7.11969100453103,3.70135110466435,0,0.9,1.52970585407784,3.08058436014987,7.00357051795725,7.10633520177595,7.96115569499806,4.58039299623951,5.16236379965612,7.52861208988748,8.43860177991591,10.5688220724923,6.35688603012513,6.4007812023221,6.04069532421558,8.18352002502591,9.47945146092325,8.54400374531753,1.60312195418814
"115",13.5558105622644,12.7781062759706,12.5419296760905,10.6962610289764,10.7056060080689,9.73242004847715,10.5004761796787,12.5674181914982,7.99061950038919,9.64624279188535,10.3469802357983,11.5602768132947,12.4277914369368,14.0117807576339,14.0003571383019,14.9586095610521,15.393829932801,15.3574086355739,17.3971261994618,15.5569919971696,15.4311373527683,14.8121571690284,12.517587627015,10.6526991884686,11.8190524154858,9.47628619238571,9.59635347410671,11.1400179533069,8.80227243386616,8.39523674472614,13.5440023626696,12.8561269439906,11.5732450073434,11.8105884696741,10.504284840007,11.2008928215567,6.29682459657247,13.1928010672488,12.1313643090957,9.7082439194738,8.32165848854662,6.33245607959503,6.53069674690228,5.74282160614449,6.67083203206317,3.17647603485372,7.76208734813001,6.31506136153878,4.68721665810319,7.78973683766018,7.46525284233562,6.35137780328017,4.60108682813094,0.9,0,0.670820393249936,2.40831891575846,6.11882341631134,6.23618473106755,7.22011080247388,4.1146081222882,4.9030602688525,8.24196578493262,9.05096679918781,11.0801624536827,6.70820393249937,6.8818602136341,6.00333240792145,7.65506368360185,8.88650662521556,8.09506022213547,1.78885438199983
"116",13.0633073913156,12.3227432010896,12.104957662049,10.2771591405407,10.3392456204503,9.35360892917809,10.2122475488993,12.347064428438,7.81024967590665,9.58540557305741,10.3310212467113,11.6211014968462,12.3490890352285,13.9463256809814,14.0292551477261,15.0096635538576,15.4841854806767,15.556349186104,17.6309387157916,15.7762479696536,15.684705926475,15.1476070717457,12.7349911660747,10.8245092267502,12.0739388767709,9.71853898484747,9.94786409235671,11.5693560754262,9.2655275079188,8.92692556258872,14.0431477952772,13.4301898720755,12.1412519947491,12.401612798342,11.1162043881893,11.8376517941693,6.09590026165127,13.8636214604987,12.8015624046442,10.373041983912,8.98888202169769,6.99213844256534,7.20138875495553,6.40702739185654,7.20069441095788,3.74432904536981,8.37376856618333,6.7446274915669,4.6518813398452,7.5690157880665,7.21387551874857,6.04400529450463,5.20384473250307,1.52970585407784,0.670820393249936,0,1.80277563773199,5.4744862772684,5.57853027239254,6.56048778674269,3.60555127546399,4.51774279923061,8.57554662980734,9.28493403315285,11.216059914248,6.74166151627327,7.0178344238091,5.75586657246326,7.08307842678591,8.28009661779378,7.56439025963098,2.36008474424119
"117",11.3225438837745,10.6301458127346,10.4393486386843,8.64696478540303,8.80056816347672,7.8,8.8283633817373,11.0860272415325,6.71192967781993,8.73670418407308,9.58018788959799,11.0453610171873,11.4127122105133,13.0249760076554,13.3405397192168,14.3680200445294,14.9402141885583,15.305227865014,17.4613859701915,15.5801155323059,15.587174214719,15.2970585407784,12.5670203310093,10.5603030259553,12.0220630509077,9.67470929795826,10.2181211580212,12.0540449642433,9.89949493661167,9.8,14.7363496158309,14.4124945793572,13.1095385120911,13.4629120178363,12.280879447336,13.1217376898031,6.79779375974293,15.4547727256016,14.426711336961,12.0602653370479,10.509519494249,8.4581321815162,8.79829528942965,8.10555365166378,8.99444272870754,5.54707129934346,10.1671038157383,8.47584804016684,5.78705451849211,8.16333265278342,7.73886296557834,6.46374504447693,6.42884126417817,3.08058436014987,2.40831891575846,1.80277563773199,0,4.4407206622349,4.40113621693308,4.88773976393998,1.91049731745428,3.05941170815567,8.82553114548921,9.22821759604746,10.8466584716216,6.22896460095898,6.76756972627545,4.56946386351835,5.28393792544916,6.48151216923952,5.79396237474839,4.16173040933696
"118",11.443775600736,11.2178429299041,11.2294256309038,9.84327181378224,10.4216121593542,9.48261567290376,11.0136279218067,13.4528807323933,9.8351410767716,12.1264174429219,13.0728726758888,14.7200543477258,14.5041373407728,16.0776242025991,16.7836229700265,17.8549712965325,18.5539753152795,19.260581507317,21.472307747422,19.5862196454548,19.6824795185972,19.572429588582,16.6412138980304,14.5890369798695,16.1966045824426,13.8924439894498,14.5880087743324,16.4760432143157,14.3401534161947,14.2126704035519,19.177069640589,18.8,17.5002857119534,17.8137587274556,16.5680415257809,17.3118456555042,5.67538544946508,19.1637678967368,18.0546392929906,15.5206314304541,14.396180048888,12.4426685240747,12.5542821379799,11.6077560277601,11.3569362065656,8.5,13.0357201565545,10.3247275993122,6.12943716828878,6.40312423743285,5.90338885725818,4.75184174820669,10.6569226327303,7.00357051795725,6.11882341631134,5.4744862772684,4.4407206622349,0,0.5,3.10644491340181,4.88773976393998,6.16116872029974,13.2003787824441,13.4461890511773,14.7665161768103,10.2,10.9252002269981,7.84091831356506,5.50272659687904,5.71401785086466,6.42572953056694,7.35391052434009
"119",10.9457754407808,10.7280007457121,10.7447661677674,9.37763296360014,9.97296345125159,9.04267659490264,10.5948100502085,13.0357201565545,9.50157881617576,11.8067777145164,12.7612695293219,14.426711336961,14.1428427128354,15.7079597656729,16.4541788005357,17.5285481429581,18.2428068015862,19.0031576323515,21.2228650280776,19.338303958724,19.4537914042482,19.3940712590214,16.4127998830181,14.3558350505988,15.9931235223142,13.7058381721075,14.4554487996741,16.3771181836122,14.2790055676157,14.2003521083106,19.1157003533745,18.8066477608318,17.5045708316428,17.8404035828789,16.6207701385947,17.396838793298,6.16116872029974,19.3545860198559,18.2570534314823,15.7429349233235,14.5464772367745,12.5686116973992,12.7224211532239,11.8105884696742,11.6846052564903,8.74642784226795,13.3221619867047,10.688779163216,6.55133574166368,6.90289794216893,6.40312423743285,5.24690384893796,10.7200746266059,7.10633520177595,6.23618473106755,5.57853027239254,4.40113621693308,0.5,0,2.60768096208106,4.6518813398452,5.88302643203309,13.0728726758888,13.2608446186508,14.5120639469374,9.97446740432791,10.7335921293852,7.54519714785505,5.03289181286465,5.21536192416212,5.96154342431555,7.55843899227876
"120",8.33846508657319,8.14923309275173,8.19084855189009,6.93541635375988,7.62758153020995,6.76239602507869,8.42199501305955,10.8466584716216,7.87146746166177,10.2,11.1825757319144,12.9247823966208,12.2613212991097,13.7644469558352,14.7275252503603,15.8091745515065,16.6012047755577,17.6476627347646,19.8929635801205,18.0313615681124,18.2496575310333,18.4610400573749,15.2427031723379,13.1897687621884,14.9646249535363,12.8082004981184,13.8361844451424,15.9050306507092,14.0431477952772,14.2214626533279,18.8066477608318,18.8565638439245,17.5581889726703,18.0055546984812,16.9366466574703,17.8675683852056,8.68331733843696,20.3420746237939,19.313207915828,16.9257200733086,15.3883072493371,13.3270401815257,13.6857590216984,12.9618671494503,13.4316789717444,10.1833196944808,14.8499158246773,12.619429464124,8.80227243386615,9.5,9,7.81600921186765,11.216059914248,7.96115569499806,7.22011080247388,6.56048778674269,4.88773976393998,3.10644491340181,2.60768096208106,0,4.04474968323134,4.82597140480546,12.5099960031968,12.3794184031399,13.2257324938923,8.96270048590267,9.88584847142621,6.23618473106755,2.64007575648882,2.60768096208106,3.58050275799363,8.85268320906153
"121",9.4578010129205,8.73212459828649,8.53287759199674,6.73646791723972,6.9065186599328,5.90338885725818,7.00927956355002,9.33005894943864,5.16139516022558,7.35934779718964,8.27345151674922,9.87167665596883,9.90454441153151,11.5108644332213,12.0241423810599,13.081666560496,13.7360838669542,14.3735868870648,16.5846314399808,14.6986393928146,14.8030402282774,14.76787053031,11.7618025829377,9.70618359603815,11.3463650567043,9.07579197646134,9.92975326984513,11.9419428905015,10.0124921972504,10.1788997440784,14.800337833982,14.8124947257375,13.514806694881,13.9713993572584,12.9340635532689,13.9086304142428,8.47584804016683,16.6469216373478,15.6818366271301,13.4417260796372,11.6498927033686,9.56922149393565,10.0767058109285,9.5524865872714,10.7837841224683,7.28971878744304,11.8152443901935,10.34456378974,7.64198926981712,9.75756117070244,9.30376267969041,8.00562302385018,7.34302390027433,4.58039299623951,4.1146081222882,3.60555127546399,1.91049731745428,4.88773976393998,4.6518813398452,4.04474968323134,0,1.36014705087354,8.57088093488645,8.63307592923866,9.87927122818278,5.32259335286851,6.10327780786685,3.04795013082563,3.61247837363769,4.96789693934969,3.98246155034798,5.90338885725818
"122",8.76584280032445,7.91201617794099,7.65375724726098,5.7974132162543,5.82151183113115,4.83735464897913,5.7706152185014,8.03616824114578,3.80131556174964,6.01082357085949,6.93541635375988,8.56037382361308,8.54458893101359,10.1513545894132,10.677546534668,11.7388244726634,12.4084648526721,13.1228807812919,15.3473124683118,13.4647688431699,13.605881081356,13.6821051011897,10.5702412460644,8.50881895447306,10.2142057938931,8.0049984384758,9.01387818865997,11.1004504413109,9.338094023943,9.67677632272236,14.0356688476182,14.2618371888057,12.9807549857472,13.5029626378806,12.580143083447,13.641847382228,9.78621479429099,16.6832251078741,15.7813180691601,13.6780846612382,11.6931603940081,9.6260064408871,10.2649890404228,9.90454441153151,11.5108644332213,8.00062497558784,12.347064428438,11.2178429299041,8.84590300647707,11.0923396990896,10.6437775249204,9.34772699644143,7.3109506905737,5.16236379965612,4.9030602688525,4.51774279923061,3.05941170815567,6.16116872029974,5.88302643203309,4.82597140480546,1.36014705087354,0,7.7,7.57099729229908,8.63539228987311,4.17612260356422,5.06359556046887,1.69705627484771,3.57770876399966,5.05667875190821,3.61247837363769,6.64830805543786
"123",14.0616499743096,12.8456218222397,12.3810338825156,10.770329614269,10.0439036235918,9.58801335001157,8.87299273075325,9.40478601564119,6.31347764706584,5.54436651025165,5.37121960079832,5.27730992078351,7.53923072998831,8.63481325796916,7.60263112349929,8.22982381342396,8.27647267862343,7.47930478052606,9.32362590412121,7.57165767847438,7.3109506905737,6.57343137181792,4.6518813398452,3.40147027033899,3.77359245282264,1.802775637732,1.39283882771841,3.40147027033899,2.19317121994613,3.35410196624968,6.37887137352683,7.08307842678591,5.94053869611166,6.67083203206316,6.36003144646314,7.68439978137525,14.5086181285469,11.8532695911297,11.3885907820063,10.3817146945965,7.77817459305202,6.52763356814704,7.64198926981712,8.34326075344646,11.610770861575,9.20869154657707,11.064357188739,12.2983738762488,12.7349911660747,16.0078105935821,15.7003184681076,14.5907504947484,5.1478150704935,7.52861208988748,8.24196578493262,8.57554662980734,8.82553114548921,13.2003787824441,13.0728726758888,12.5099960031968,8.57088093488645,7.7,0,1.62788205960997,4.10121933088198,3.88973006775535,2.81602556806575,6.6098411478643,11.0168053445634,12.4779806058513,10.6733312513011,8.70459648691426
"124",12.9769025580067,11.7337121150981,11.2507777508935,9.75756117070244,8.94706655837543,8.61626369141521,7.68505042273634,7.95110055275369,5.41202365109392,4.18688428309166,3.86005181312376,3.64965751817893,5.95063021872474,7.00927956355002,6.000833275471,6.67532770731145,6.80073525436772,6.32534584034739,8.34865258589672,6.50691939399898,6.40312423743285,6.13514466007119,3.47131099154196,1.84390889145858,2.80178514522438,0.447213595499958,1.94164878389476,4.07185461430047,3.67151195013716,4.93963561409139,7.09365914038728,8.24621125123532,7.21248916810279,7.99812478022192,7.85493475466219,9.19238815542512,15.3456834321577,13.4331679063429,12.9973074134607,12.0070812439993,9.40478601564119,8.10555365166378,9.21357693840997,9.84784240328814,13.0361037123828,10.4235310715707,12.6019839707881,13.630847369111,13.6780846612382,16.8344884092152,16.4939382804714,15.3264477293338,6.55209890035247,8.43860177991591,9.05096679918781,9.28493403315285,9.22821759604746,13.4461890511773,13.2608446186508,12.3794184031399,8.63307592923866,7.57099729229908,1.62788205960997,0,2.50798724079689,3.42344855372474,2.5298221281347,6.21288982680363,10.6,12.0104121494643,10.1316336293808,9.76524449258696
"125",12.1757956618859,10.9110036201992,10.4043260233424,9.22279784013506,8.27647267862342,8.22982381342395,6.88839603971781,6.40702739185654,5.49181208709839,3.40587727318528,2.57099202643649,1.36014705087354,3.96232255123179,4.70106370941726,3.50142828000232,4.17731971484109,4.38634243989226,4.49444101084885,6.71192967781994,4.83011387029333,5.02891638427206,5.62227711874824,2.10237960416287,0.728010988928052,2.28473193175917,2.30867927612304,3.86264158316559,5.46717477313466,5.92030404624627,7.27804918917151,8.18352002502591,9.88584847142621,9.04267659490264,9.87927122818277,9.99249718538865,11.3318136235997,17.3112680067059,15.6869372409021,15.3310143173894,14.4678954931255,11.8608600025462,10.6117859005919,11.7209214654821,12.347064428438,15.4987096237074,12.7632284317096,15.107613974417,16.0365208196791,15.7632483961904,18.7768474457242,18.4043473125237,17.1863317784802,9.02441133814278,10.5688220724923,11.0801624536827,11.216059914248,10.8466584716216,14.7665161768103,14.5120639469374,13.2257324938923,9.87927122818278,8.63539228987311,4.10121933088198,2.50798724079689,0,4.62276973253049,4.20119030752,7.02637886823647,11.0855762141623,12.3628475684205,10.4393486386843,11.9954157910428
"126",10.3711137299713,9.20217365626187,8.7692645073575,7.04343666117613,6.43506021727847,5.84123274660409,5.4644304369257,6.71863081289633,2.61725046566048,3.10644491340181,3.66878726556883,4.88262224629348,5.86941223633168,7.39797269527267,7.29451848993475,8.26801064343775,8.76184911990614,9.10219753685889,11.2898184219234,9.40319094775811,9.48261567290376,9.50789145920377,6.44127316607517,4.39089968002003,6.04069532421558,3.84707681233427,5.04876222454574,7.21803297304744,5.90592922409336,6.68430998682736,10.2391405889362,10.912378292563,9.71287804927046,10.3773792452623,9.79489663038871,11.0390216957845,12.8003906190397,14.800337833982,14.1198441917749,12.5399362039845,10.1118742080783,8.30060238777885,9.2655275079188,9.45409963983879,12.1037184369102,8.92692556258872,12.2331516789419,12.3320720075744,11.3740933704625,14.2435950518119,13.8538803228554,12.6150703525585,6.11310068623117,6.35688603012513,6.70820393249937,6.74166151627327,6.22896460095898,10.2,9.97446740432791,8.96270048590267,5.32259335286851,4.17612260356422,3.88973006775535,3.42344855372474,4.62276973253049,0,1.0770329614269,2.8,7.21110255092798,8.64696478540302,6.80661443009665,7.91201617794099
"127",11.4017542509914,10.2176318195558,9.77445650662992,8.0802227692063,7.43303437365925,6.8818602136341,6.38905313798532,7.40945342113708,3.62353418639869,3.59026461420325,3.90128184062623,4.75394572960189,6.200806399171,7.63216876123687,7.24499827467198,8.14370922860093,8.52349693494401,8.57029754442633,10.7004672795163,8.82383136738231,8.82043082847998,8.66487160897379,5.80086200490927,3.82099463490856,5.27730992078351,2.9732137494637,4.01123422402632,6.1660360037872,4.83735464897913,5.66392090340252,9.17823512446702,9.83869910099907,8.6452298986204,9.31933474020544,8.7783825389419,10.040916292849,13.1137332594498,13.8956827827926,13.2593363333162,11.798728745081,9.31074647920348,7.59605160593318,8.61220064791804,8.92748564826626,11.7720006795786,8.76413144584219,11.7273185340895,12.1276543486364,11.5676272415738,14.5835523793073,14.2172430520126,13.0115333454593,5.53263047744922,6.4007812023221,6.8818602136341,7.0178344238091,6.76756972627545,10.9252002269981,10.7335921293852,9.88584847142621,6.10327780786685,5.06359556046887,2.81602556806575,2.5298221281347,4.20119030752,1.0770329614269,0,3.82099463490856,8.23893196961839,9.68762096698668,7.8644770964127,7.87908624143688
"128",8.40238061504,7.37834669827869,7.0327803890069,5.16236379965612,4.90407993409569,4.02492235949962,4.50998891351187,6.5924198895398,2.14709105535839,4.3139309220246,5.24022900262956,6.8818602136341,6.87968022512675,8.49058301885094,8.98053450525079,10.0419121685066,10.7168092266308,11.4947814246292,13.729530217746,11.8532695911297,12.0332871651931,12.2376468326227,9.01387818865997,6.95701085237044,8.73212459828649,6.62721661031236,7.83134726595622,9.98498873309329,8.47584804016684,9.03548559846121,12.9876864760434,13.4833230325465,12.2384639559056,12.8378347083922,12.0739388767709,13.2310241478126,11.363538181394,16.6183633369836,15.8041133886087,13.8956827827926,11.7034183040683,9.70051545022222,10.4847508315649,10.3315052146335,12.3555655475579,8.89550448260243,12.9448831589937,12.2409149984795,10.2883429180797,12.7059041394149,12.2674365700418,10.9772492000501,7.36002717386288,6.04069532421558,6.00333240792145,5.75586657246326,4.56946386351835,7.84091831356506,7.54519714785505,6.23618473106755,3.04795013082563,1.69705627484771,6.6098411478643,6.21288982680363,7.02637886823647,2.8,3.82099463490856,0,4.4181444068749,5.86941223633168,4.08044115262063,7.62364742101837
"129",6.25139984323511,5.81377674149945,5.7706152185014,4.34626276242015,4.99299509312797,4.12310562561766,5.79827560572969,8.21340367935243,5.60446250768082,7.87718223732319,8.86002257333467,10.6282642044691,9.73498844375277,11.2004464196745,12.2674365700418,13.3461604965623,14.1777995471794,15.4003246719022,17.6459627110566,15.8145502623375,16.1046577113579,16.5215011424507,13.159407281485,11.1462998344742,12.9988461026354,11.0018180315801,12.2494897852931,14.4006944277004,12.8062484748657,13.2257324938924,17.3954016912516,17.7775138869303,16.5075740192192,17.0531522012794,16.1548754250845,17.2191753577226,10.7074740251845,20.181427105138,19.2439600914157,17.042593699317,15.181897114656,13.1034346642398,13.6619910701186,13.1643457870112,14.2779550356485,10.8226614102077,15.4029218007494,13.708391590555,10.4235310715707,11.7098249346436,11.2147224664724,9.96092365195116,10.8226614102077,8.18352002502591,7.65506368360185,7.08307842678591,5.28393792544916,5.50272659687904,5.03289181286465,2.64007575648882,3.61247837363769,3.57770876399966,11.0168053445634,10.6,11.0855762141623,7.21110255092798,8.23893196961839,4.4181444068749,0,1.48660687473185,0.94339811320566,9.4339811320566
"130",5.73149195236284,5.59732078766261,5.6859475903318,4.67546789102438,5.52268050859363,4.82597140480546,6.57343137181792,8.88650662521556,6.87313611097583,9.07083237635885,10.0424100693011,11.8139747756629,10.6892469332503,12.0739388767709,13.291350570954,14.3600139275698,15.2315462117278,16.5939748101532,18.8321533553654,17.0261563483953,17.3565549577098,17.8630904381073,14.4533733086778,12.4679589348056,14.3422452914458,12.4036285013701,13.693794214899,15.8533908044935,14.2874070425672,14.7122398022871,18.8565638439245,19.2626581758593,17.9936099768779,18.5396871602516,17.6366096515175,18.6935817862709,11.2445542374965,21.600925906081,20.6465493484989,18.4043473125237,16.6012047755577,14.5206749154438,15.0446003602621,14.4958614783669,15.4236830880306,12.0208152801713,16.6481230173254,14.7597425451801,11.2089250153616,12.1016527796826,11.6017240098185,10.4043260233424,12.2588743365776,9.47945146092325,8.88650662521556,8.28009661779378,6.48151216923952,5.71401785086466,5.21536192416212,2.60768096208106,4.96789693934969,5.05667875190821,12.4779806058513,12.0104121494643,12.3628475684205,8.64696478540302,9.68762096698668,5.86941223633168,1.48660687473185,0,1.92353840616713,10.6400187969759
"131",5.55427763079953,5.00099990001999,4.91629942131274,3.41760149812701,4.04969134626332,3.18904374382039,4.88364617882991,7.28628849277875,4.94974746830583,7.15681493403316,8.13203541556479,9.9040395798886,8.88369292580512,10.3227903204512,11.4490174250894,12.5239770041309,13.3753504626982,14.6840049032953,16.9248338248858,15.1119158282463,15.4353490404331,15.945218719102,12.5299640861417,10.5475115548645,12.4257796536073,10.5171288857749,11.8532695911297,14.0246212070059,12.5542821379799,13.0678996016958,17.042593699317,17.5570498660794,16.30490723678,16.8860889491913,16.0589538887189,17.1677022341372,11.5351636312625,20.294334184693,19.3932978113574,17.2678892746045,15.3055545472877,13.2382022948737,13.8621787609308,13.446560898609,14.7597425451801,11.2712022428843,15.7841692844445,14.2677959054649,11.1543713404208,12.5765655089138,12.0838735511424,10.8189648303338,10.9224539367305,8.54400374531753,8.09506022213547,7.56439025963098,5.79396237474839,6.42572953056694,5.96154342431555,3.58050275799363,3.98246155034798,3.61247837363769,10.6733312513011,10.1316336293808,10.4393486386843,6.80661443009665,7.8644770964127,4.08044115262063,0.94339811320566,1.92353840616713,0,9.88382517044894
"132",15.3388395910512,14.5464772367745,14.3003496460751,12.4454811076149,12.4149103903331,11.4542568506211,12.1334249080793,14.1088624630053,9.50841732361385,10.9658560997307,11.5801554393713,12.6317061397105,13.7539085353946,15.305227865014,15.1158856836111,16.0224842018958,16.3710109645067,16.0801119399089,18.016103907338,16.2265215003093,16.0112460477003,15.1644320698139,13.2200605142337,11.4908659377786,12.4326183887386,10.1607086367044,9.9724620831568,11.2329871361094,8.82043082847998,8.14370922860093,13.3416640641263,12.3223374405995,11.0860272415325,11.1986606342009,9.78672570372747,10.3004854254545,6.03738353924943,11.8105884696741,10.7018689956474,8.18840643837371,7.11969100453103,5.30094331227943,5.23927475897189,4.25440947723653,4.88466989672793,1.38924439894498,6.02079728939615,4.61735855224608,4.10487515035476,7.517978451685,7.29177618965366,6.38905313798532,4.16293165929973,1.60312195418814,1.78885438199983,2.36008474424119,4.16173040933696,7.35391052434009,7.55843899227876,8.85268320906153,5.90338885725818,6.64830805543786,8.70459648691426,9.76524449258696,11.9954157910428,7.91201617794099,7.87908624143688,7.62364742101837,9.4339811320566,10.6400187969759,9.88382517044894,0
